job_id,키워드,수집일시,등록일,기업명,공고제목,직무카테고리,근무지역,경력,학력,마감일,공고링크
6243906,마케팅,2026-07-20 01:20:09,2026-07-20,에코써치,외국계기업 제품 Product Specialist 사원-대리급,,서울,인턴.신입 / 사원 / 대리.과장,,08.19,https://www.peoplenjob.com/jobs/6243906
6243969,마케팅,2026-07-20 01:20:09,2026-07-20,(주)맨파워그룹코리아,[광화문역] 글로벌 뷰티 코스메틱 기업 Sales Admin,,서울 강북 / 서울 종로구,인턴.신입,,채용시,https://www.peoplenjob.com/jobs/6243969
6243838,마케팅,2026-07-20 01:20:09,2026-07-20,잡앤피플코리아,[종로/신입 가능] 유명 스포츠 브랜드 Marketing 팀 Support,,서울 / 서울 중구,인턴.신입 / 사원,,08.19,https://www.peoplenjob.com/jobs/6243838
6242461,마케팅,2026-07-20 01:20:09,2026-07-16,피플렙,케미칼 수출입 전문기업 기획/마케팅,,서울 강남,인턴.신입 / 사원 / 대리.과장,,채용시,https://www.peoplenjob.com/jobs/6242461
6242313,마케팅,2026-07-20 01:20:09,2026-07-16,더파운더즈,[ANUA] 중동/아랍 글로벌 인플루언서 마케팅 매니저,,서울 강남,인턴.신입 / 사원 / 대리.과장,,채용시,https://www.peoplenjob.com/jobs/6242313
6242298,마케팅,2026-07-20 01:20:09,2026-07-16,엔터웨이파트너스,틱톡샵 운영 매니저 - K뷰티 아마존/이커머스 기업,,서울,인턴.신입 / 사원 / 대리.과장,,08.15,https://www.peoplenjob.com/jobs/6242298
6242227,마케팅,2026-07-20 01:20:09,2026-07-16,더파운더즈,[ANUA 아누아] 홍콩 인플루언서 마케팅 인턴,,서울 강남,인턴.신입,,채용시,https://www.peoplenjob.com/jobs/6242227
6242198,마케팅,2026-07-20 01:20:09,2026-07-16,JN커리어,[마케팅에이전시]Global Brand Manager,,서울,인턴.신입 / 사원,,08.15,https://www.peoplenjob.com/jobs/6242198
6242005,마케팅,2026-07-20 01:20:09,2026-07-16,퍼솔코리아,[유럽계 리테일사] 마케팅 어시스턴트,,서울 / 서울 강남,인턴.신입 / 사원,,08.15,https://www.peoplenjob.com/jobs/6242005
6241767,마케팅,2026-07-20 01:20:09,2026-07-16,퍼솔코리아,[외국계 명품사/서울시청] Digital Platform Coordinator 채용,,서울 / 서울 중구,인턴.신입 / 사원,,채용시,https://www.peoplenjob.com/jobs/6241767
6241759,마케팅,2026-07-20 01:20:09,2026-07-16,퍼솔코리아,[글로벌 중장비 제조기업/광명]  Marketing 인턴십 채용,,경기 광명,인턴.신입,,채용시,https://www.peoplenjob.com/jobs/6241759
6242406,마케팅,2026-07-20 01:20:09,2026-07-16,아데코코리아,[BMW코리아/커리어UP] Aftersales Product Sales & Operations Support 채용,,서울 / 서울 중구 / 경기,인턴.신입,,채용시,https://www.peoplenjob.com/jobs/6242406
6242279,마케팅,2026-07-20 01:20:09,2026-07-16,아데코코리아,[럭셔리 코스메틱 기업 프로젝트] e-Commerce Project Manager 다수채용,,서울 / 서울 강남 / 경기,인턴.신입 / 사원 / 대리.과장,,채용시,https://www.peoplenjob.com/jobs/6242279
6242270,마케팅,2026-07-20 01:20:09,2026-07-16,아데코코리아,[럭셔리 코스메틱 기업 프로젝트] CRM Project Manager 다수채용,,서울 / 서울 강남 / 경기,인턴.신입 / 사원 / 대리.과장,,채용시,https://www.peoplenjob.com/jobs/6242270
6242242,마케팅,2026-07-20 01:20:09,2026-07-16,IPX,Global Licensing Administrator,,경기 과천,인턴.신입 / 사원,,채용시,https://www.peoplenjob.com/jobs/6242242
6241981,마케팅,2026-07-20 01:20:09,2026-07-16,(주)키스템프그룹,[잠실역/패션/외국계] 유명 패션 외국계기업 마케팅사무 채용,,서울 / 경기 / 인천,인턴.신입 / 사원,,07.21,https://www.peoplenjob.com/jobs/6241981
6241474,마케팅,2026-07-20 01:20:09,2026-07-15,그레이스앤파트너스,메디컬에스테틱 콘텐츠 마케팅 (신입~3년),,서울 / 서울 강남 / 경기,인턴.신입 / 사원 / 팀장.부장,,08.14,https://www.peoplenjob.com/jobs/6241474
6241472,마케팅,2026-07-20 01:20:09,2026-07-15,그레이스앤파트너스,메디컬에스테틱 브랜드&퍼포먼스 마케팅(3~5년),,서울 / 서울 강남 / 경기,인턴.신입 / 사원,,08.14,https://www.peoplenjob.com/jobs/6241472
6241418,마케팅,2026-07-20 01:20:09,2026-07-15,바이어스도르프코리아,[Beiersdorf Korea] 유세린 메디컬 마케팅 인턴 모집,,서울,인턴.신입,,08.14,https://www.peoplenjob.com/jobs/6241418
6241271,마케팅,2026-07-20 01:20:09,2026-07-15,(주)키스템프그룹,[중식제공/대기업] 네이버계열사 패션커머스 마케팅어드민,,서울 / 경기,인턴.신입 / 사원,,07.20,https://www.peoplenjob.com/jobs/6241271
6241247,마케팅,2026-07-20 01:20:09,2026-07-15,(주)키스템프그룹,[삼성역/대기업] 유명 패션기업 온라인 AMD 다수채용,,서울 / 경기 / 인천,인턴.신입 / 사원,,07.20,https://www.peoplenjob.com/jobs/6241247
6241470,마케팅,2026-07-20 01:20:09,2026-07-15,FrankStore,[콘텐츠 플랫폼/팬트리] 그로스 마케터 (Growth Marketer),,서울 / 서울 강남,인턴.신입,,채용시,https://www.peoplenjob.com/jobs/6241470
6241409,마케팅,2026-07-20 01:20:09,2026-07-15,온리원파트너스(주),[글로벌패션기업] 브랜드마케팅 채용,,서울 강남구,인턴.신입 / 사원,,08.14,https://www.peoplenjob.com/jobs/6241409
6241125,마케팅,2026-07-20 01:20:09,2026-07-15,(주)맨파워그룹코리아,U [강남] 글로벌 의료기기 기업 Marketing Admin (마케팅/지원),,서울 강남,인턴.신입,,채용시,https://www.peoplenjob.com/jobs/6241125
6240841,마케팅,2026-07-20 01:20:09,2026-07-14,(주)맨파워그룹코리아,[선릉역/6M] 미국계 클라우드 기업 Marketing Associate 채용,,서울 강남,인턴.신입 / 사원,,08.13,https://www.peoplenjob.com/jobs/6240841
6240773,마케팅,2026-07-20 01:20:09,2026-07-14,윈큐브마케팅,Business Development (BD) Manager – PG Partnerships & Catalog (1 opening),,서울 서초구,인턴.신입 / 사원 / 대리.과장,,08.13,https://www.peoplenjob.com/jobs/6240773
6240712,마케팅,2026-07-20 01:20:09,2026-07-14,더파운더즈,[ANUA 아누아] 한국 글로벌 뷰티 화장품 브랜드 퍼포먼스 마케팅 인턴,,서울 강남,인턴.신입,,채용시,https://www.peoplenjob.com/jobs/6240712
6240649,마케팅,2026-07-20 01:20:09,2026-07-14,인핸스파트너스,[고성장 커머스 플랫폼] 광고 운영 Account Manager 채용,,서울,인턴.신입 / 사원 / 대리.과장,,채용시,https://www.peoplenjob.com/jobs/6240649
6240411,마케팅,2026-07-20 01:20:09,2026-07-14,MEMEBOX(미미박스),일본 인플루언서 마케팅 인턴 (채용연계형),,서울 강남,인턴.신입,,채용시,https://www.peoplenjob.com/jobs/6240411
6240409,마케팅,2026-07-20 01:20:09,2026-07-14,(주)맨파워그룹코리아,U [신용산/신입] Haleon - Digital Commerce Intern 채용,,신용산,인턴.신입,,채용시,https://www.peoplenjob.com/jobs/6240409
6240946,마케팅,2026-07-20 01:20:09,2026-07-14,(주)맨파워그룹코리아,U [여의도역] 글로벌 투자정보 기업 Office Administrator (1Y/반일근무),,서울 여의도 / 서울 영등포구,인턴.신입 / 사원,,08.13,https://www.peoplenjob.com/jobs/6240946
6240795,마케팅,2026-07-20 01:20:09,2026-07-14,푸본현대생명,U 2026년 푸본현대생명 채용전환형 Internship_계리,,서울 여의도,인턴.신입,,07.20,https://www.peoplenjob.com/jobs/6240795
6240752,마케팅,2026-07-20 01:20:09,2026-07-14,윈큐브마케팅,Business Development (BD) Manager – Enterprise & Strategic Accounts (5+ years),,서울 서초구,인턴.신입 / 사원 / 대리.과장,,08.13,https://www.peoplenjob.com/jobs/6240752
6240045,마케팅,2026-07-20 01:20:09,2026-07-13,(주)맨파워그룹코리아,[삼성역] 중국계 해외직구 플랫폼 A사 콘텐츠 마케팅 & 리서치 (1Y/연장 가능),,서울 강남,인턴.신입 / 사원,,채용시,https://www.peoplenjob.com/jobs/6240045
6239944,마케팅,2026-07-20 01:20:09,2026-07-13,에코써치,외국계기업 제품 Product Specialist 사원-대리급,,서울,인턴.신입 / 사원 / 대리.과장,,07.23,https://www.peoplenjob.com/jobs/6239944
6239616,마케팅,2026-07-20 01:20:09,2026-07-13,켄뷰,[켄뷰코리아] Account Manager (OTC Sales/1-3년),,서울 서대문구 / 서울 용산구 / 용산,인턴.신입 / 사원,,채용시,https://www.peoplenjob.com/jobs/6239616
6239605,마케팅,2026-07-20 01:20:09,2026-07-13,(주)조이앤피플,[해외 프리미엄위스키]_Mixologist,,서울,인턴.신입 / 사원,,채용시,https://www.peoplenjob.com/jobs/6239605
6239800,마케팅,2026-07-20 01:20:09,2026-07-13,더파운더즈,[프롬랩스] 콘텐츠 마케팅 단기 인턴,,서울 강남,인턴.신입,,채용시,https://www.peoplenjob.com/jobs/6239800
6239651,마케팅,2026-07-20 01:20:09,2026-07-13,(주)맨파워그룹코리아,[여의도] 글로벌 CRM IT 기업 ‘S사’ 교육 운영 지원 담당자 (1Y/육휴대체),,서울 / 서울 여의도 / 서울 영등포구,인턴.신입 / 사원,,08.12,https://www.peoplenjob.com/jobs/6239651
6239442,마케팅,2026-07-20 01:20:09,2026-07-13,(주)피플케어코리아,"Google, Adobe 웹분석컨설팅",,"Seoul, Korea",인턴.신입 / 사원 / 대리.과장,,채용시,https://www.peoplenjob.com/jobs/6239442
6239084,마케팅,2026-07-20 01:20:09,2026-07-12,(주)두비,"CNN, WBD, FT, TIME, WP 광고 영업 담당자 채용",,서울 중구,인턴.신입 / 사원,,채용시,https://www.peoplenjob.com/jobs/6239084
6238723,마케팅,2026-07-20 01:20:09,2026-07-11,(주)스카우트파트너스,글로벌 K뷰티 -  Russia 세일즈 매니저 (MD),,서울,인턴.신입 / 사원 / 대리.과장,,채용시,https://www.peoplenjob.com/jobs/6238723
6238598,마케팅,2026-07-20 01:20:09,2026-07-10,JNPartners Korea,주사제 마케팅-신입~과장급 [중견 제약사],,서울,인턴.신입 / 사원 / 대리.과장,,08.09,https://www.peoplenjob.com/jobs/6238598
6238496,마케팅,2026-07-20 01:20:09,2026-07-10,익스피다이터스 코리아,[Expeditors Korea] 물류 영업지원 신입사원 채용,,서울 / 서울 구로구,인턴.신입,,채용시,https://www.peoplenjob.com/jobs/6238496
6238209,마케팅,2026-07-20 01:20:09,2026-07-10,DOGU ROBOTICS,글로벌 세일즈 & 마케팅 매니저 (US Market),,서울 가산,인턴.신입 / 사원,,08.09,https://www.peoplenjob.com/jobs/6238209
6238565,마케팅,2026-07-20 01:20:09,2026-07-10,맨토스파워,[중견제약그룹] 주사제 마케팅 신입-과장급,,경기 성남,인턴.신입 / 대리.과장 / 팀장.부장,,채용시,https://www.peoplenjob.com/jobs/6238565
6238117,마케팅,2026-07-20 01:20:09,2026-07-10,(주)맨파워그룹코리아,[광화문역] 유명 코스메틱 브랜드 Marketing Admin (마케팅/프로모션),,서울 종로구,인턴.신입,,채용시,https://www.peoplenjob.com/jobs/6238117
6237757,마케팅,2026-07-20 01:20:09,2026-07-09,에이온코리아보험중개(주),"[Aon Korea] (신입·주니어경력) Account Manager, Health Solutions",,서울 / 서울 중구,인턴.신입 / 사원,,채용시,https://www.peoplenjob.com/jobs/6237757
6237856,마케팅,2026-07-20 01:20:09,2026-07-09,JNPMEDI,[JNPMEDI] Business Operations Manager 모집,,서울 중구 / 인천 송도 국제 도시,인턴.신입 / 사원,,08.08,https://www.peoplenjob.com/jobs/6237856
6237808,마케팅,2026-07-20 01:20:09,2026-07-09,밀워키코리아,[Milwaukee Tool Korea] Product Specialist 경력 채용,,서울 서초구,인턴.신입 / 사원 / 대리.과장,,08.08,https://www.peoplenjob.com/jobs/6237808
6237547,마케팅,2026-07-20 01:20:09,2026-07-09,Asiance Korea,[Asiance Korea] Junior Project Manager,,서울 중구 / 재택근무,인턴.신입 / 사원,,08.31,https://www.peoplenjob.com/jobs/6237547
6237060,마케팅,2026-07-20 01:20:09,2026-07-08,The Pinkfong Company,[더핑크퐁컴퍼니] 일본 사업 마케팅 인턴 (전환형),,서울 / 서울 강남 / 서울 서초구,인턴.신입,,07.29,https://www.peoplenjob.com/jobs/6237060
6236968,마케팅,2026-07-20 01:20:09,2026-07-08,헤딩(HEDING),U [헤딩X리멤버] 정규직 헤드헌터 채용(junior/senior),,서울 강남,인턴.신입 / 사원 / 대리.과장,,채용시,https://www.peoplenjob.com/jobs/6236968
6236813,마케팅,2026-07-20 01:20:09,2026-07-08,(주)케인앤클루컨설팅,반도체장비 해외영업 대졸신입사원 및 Junior급 경력사원 각각 모집,,용인 처인구,인턴.신입 / 사원 / 대리.과장,,08.07,https://www.peoplenjob.com/jobs/6236813
6236571,마케팅,2026-07-20 01:20:09,2026-07-08,(주)맨파워그룹코리아,U [시청역/1Y] 글로벌 생명보험사 특별계정팀,,시청역,인턴.신입,,08.07,https://www.peoplenjob.com/jobs/6236571
6236566,마케팅,2026-07-20 01:20:09,2026-07-08,Samkoo Inc,신세계인터내셔날 코스메틱 비디비치 퍼포먼스마케팅팀 인턴 모집,,서울 중구,인턴.신입,,채용시,https://www.peoplenjob.com/jobs/6236566
6236296,마케팅,2026-07-20 01:20:09,2026-07-07,더파운더즈,[ANUA 아누아] 북미 인플루언서 마케팅 인턴(채용연계형),,서울 강남,인턴.신입,,채용시,https://www.peoplenjob.com/jobs/6236296
6236267,마케팅,2026-07-20 01:20:09,2026-07-07,Sheraton Grand Incheon Hotel,Marketing Coordinator (18 months contract),,인천,인턴.신입,,08.06,https://www.peoplenjob.com/jobs/6236267
6236201,마케팅,2026-07-20 01:20:09,2026-07-07,(주)맨파워그룹코리아,[여의도] 한국쓰리엠 Campaign & Engagement Support (마케팅 운영 지원),,서울 여의도,인턴.신입 / 사원,,채용시,https://www.peoplenjob.com/jobs/6236201
6235893,마케팅,2026-07-20 01:20:09,2026-07-07,(주)맨파워그룹코리아,[시청역] 명품 브랜드 'C'사 Digital Platform Coordinator,,서울 중구,인턴.신입,,채용시,https://www.peoplenjob.com/jobs/6235893
6236134,마케팅,2026-07-20 01:20:09,2026-07-07,콘센트릭스,AI Creative 기획 제작,,서울 강남구 테헤란로 509 NC타워,인턴.신입 / 사원,,07.31,https://www.peoplenjob.com/jobs/6236134
6235606,마케팅,2026-07-20 01:20:09,2026-07-06,더파운더즈,[ANUA] 글로벌 화장품 브랜드컴플라이언스 단기 인턴,,서울 / 서울 강남,인턴.신입,,채용시,https://www.peoplenjob.com/jobs/6235606
6235459,마케팅,2026-07-20 01:20:09,2026-07-06,Cardinal Health Korea,[외국계 의료기기 영업] Associate Product Specialist,,서울,인턴.신입 / 사원,,08.05,https://www.peoplenjob.com/jobs/6235459
6235413,마케팅,2026-07-20 01:20:09,2026-07-06,콘센트릭스,U 헬스앱 글로벌 CS 담당자,,경기도 수원시 영통구 삼성로 210,인턴.신입 / 사원,,07.31,https://www.peoplenjob.com/jobs/6235413
6235392,마케팅,2026-07-20 01:20:09,2026-07-06,MEMEBOX(미미박스),북미 인플루언서 마케팅 인턴,,서울 강남,인턴.신입,,08.05,https://www.peoplenjob.com/jobs/6235392
6233896,마케팅,2026-07-20 01:20:09,2026-07-03,JLL Korea,[JLL] 물류부동산 LM팀 - 사원대리급 (신입 지원 가능),,서울,인턴.신입 / 사원,,채용시,https://www.peoplenjob.com/jobs/6233896
6233462,마케팅,2026-07-20 01:20:09,2026-07-03,(주)맨파워그룹코리아,U [시청역/1Y] 글로벌 생명보험사 마케팅오퍼레이션팀,,시청역,인턴.신입 / 사원,,08.02,https://www.peoplenjob.com/jobs/6233462
6233871,마케팅,2026-07-20 01:20:09,2026-07-03,더파운더즈,[ANUA] 글로벌 그로스/퍼포먼스 마케팅 매니저,,서울 강남,인턴.신입 / 사원,,채용시,https://www.peoplenjob.com/jobs/6233871
6233861,마케팅,2026-07-20 01:20:09,2026-07-03,더파운더즈,[ANUA 아누아] 틱톡샵 컨텐츠 마케팅 / 퍼포먼스 마케팅,,서울 / 서울 강남,인턴.신입 / 사원 / 대리.과장,,채용시,https://www.peoplenjob.com/jobs/6233861
6233733,마케팅,2026-07-20 01:20:09,2026-07-03,라카코스메틱스,U [Laka] 일본 이커머스 MD,,서울 마포구,인턴.신입 / 사원 / 대리.과장,,07.31,https://www.peoplenjob.com/jobs/6233733
6233168,마케팅,2026-07-20 01:20:09,2026-07-02,마크비전,[글로벌기업/재택가능] Digital Risk Protection Specialist (교대 근무 가능자),,서울 / 서울 강남,인턴.신입 / 사원,,08.01,https://www.peoplenjob.com/jobs/6233168
6232718,마케팅,2026-07-20 01:20:09,2026-07-02,타사키코리아,TASAKI Korea | E-commerce Specialist,,서울 강남,인턴.신입,,08.01,https://www.peoplenjob.com/jobs/6232718
6233270,마케팅,2026-07-20 01:20:09,2026-07-02,Adapt,[전환형인턴] 글로벌 인플루언서마케터 (중화권),,서울 강남,인턴.신입,,08.31,https://www.peoplenjob.com/jobs/6233270
6233265,마케팅,2026-07-20 01:20:09,2026-07-02,(주)맨파워그룹코리아,[광화문역] 유명 코스메틱 브랜드 L사 영엽지원 (1Y/전환가능),,서울 종로구,인턴.신입,,08.01,https://www.peoplenjob.com/jobs/6233265
6232454,마케팅,2026-07-20 01:20:09,2026-07-01,TI IMAGE PTE. LTD.,"임상시험 전문서비스, 사업개발실, 영업마케팅 담당자 (2년 이상)",,서울 / 송파,인턴.신입 / 사원,,채용시,https://www.peoplenjob.com/jobs/6232454
6232252,마케팅,2026-07-20 01:20:09,2026-07-01,마크비전,[글로벌기업/재택가능] Digital Risk Protection Specialist (교대 근무 가능자),,서울 / 서울 강남,인턴.신입 / 사원,,07.31,https://www.peoplenjob.com/jobs/6232252
6231791,마케팅,2026-07-20 01:20:09,2026-06-30,아데코코리아,[글로벌 헬스케어 전문기업] Sales Administrator 채용,,서울 / 서울 강남 / 경기,인턴.신입 / 사원,,07.30,https://www.peoplenjob.com/jobs/6231791
6231667,마케팅,2026-07-20 01:20:09,2026-06-30,(주)조이앤피플,해외 프리미엄 위스키 _ Trade Marketing _신입 / 경력,,서울,인턴.신입 / 사원,,채용시,https://www.peoplenjob.com/jobs/6231667
6231456,마케팅,2026-07-20 01:20:09,2026-06-30,MEMEBOX(미미박스),"Growth & Marketing Intern, Nooni (인턴)",,서울 강남,인턴.신입,,채용시,https://www.peoplenjob.com/jobs/6231456
6231262,마케팅,2026-07-20 01:20:09,2026-06-30,퍼솔코리아,[외국계 중장비 기업/판교] Internship_Marketing 채용,,경기 성남 / 경기 판교,인턴.신입,,07.30,https://www.peoplenjob.com/jobs/6231262
6230988,마케팅,2026-07-20 01:20:09,2026-06-29,제니엘,[외국계/리치몬트코리아] 샤프하우젠 CRM Intern,,서울 중구,인턴.신입 / 사원,,07.29,https://www.peoplenjob.com/jobs/6230988
6230114,마케팅,2026-07-20 01:20:09,2026-06-28,(주)스카우트,유명 it 총판사 조직문화 사내 커뮤니케이션 (사원급),,서울 강남,인턴.신입 / 사원,,07.28,https://www.peoplenjob.com/jobs/6230114
6229257,마케팅,2026-07-20 01:20:09,2026-06-26,BGC 코리아,[BGC 코리아] 이자율파생상품 (IRS) 브로커 채용,,서울,인턴.신입 / 사원,,채용시,https://www.peoplenjob.com/jobs/6229257
6229092,마케팅,2026-07-20 01:20:09,2026-06-26,바우머코리아,[바우머코리아]-Field Sales Engineer 모집_근무지역 : 울산,,울산,인턴.신입 / 사원,,채용시,https://www.peoplenjob.com/jobs/6229092
6228680,마케팅,2026-07-20 01:20:09,2026-06-25,Prosearch Korea Inc.,럭셔리 브랜드 Marketing&PR Specailist,,서울 강남,인턴.신입 / 사원,,07.25,https://www.peoplenjob.com/jobs/6228680
6228635,마케팅,2026-07-20 01:20:09,2026-06-25,아데코코리아,[Uber/모빌리티 기업] 가맹거래사 채용,,서울 / 서울 중구 / 서울 종로구,인턴.신입 / 사원,,07.25,https://www.peoplenjob.com/jobs/6228635
6227726,마케팅,2026-07-20 01:20:09,2026-06-24,마크비전,[글로벌기업/재택가능/신입O] AI 운영 담당자 (Digital Risk Protection Specialist),,서울 / 서울 강남,인턴.신입 / 사원,,채용시,https://www.peoplenjob.com/jobs/6227726
6227785,마케팅,2026-07-20 01:20:09,2026-06-24,더하이어코리아 주식회사,"외국계 소비재 - 마케팅, 프로모션 지원",,서울 강남,인턴.신입,,채용시,https://www.peoplenjob.com/jobs/6227785
6226952,마케팅,2026-07-20 01:20:09,2026-06-23,(주)맨파워그룹코리아,[삼성역] 한국시세이도 E-commerce Marketing Specialist (프로모션·매출·재고관리),,서울 강남,인턴.신입 / 사원,,채용시,https://www.peoplenjob.com/jobs/6226952
6226865,마케팅,2026-07-20 01:20:09,2026-06-23,(주)맨파워그룹코리아,[여의도] 한국쓰리엠 Marketing Analyst II (디지털 콘텐츠 운영/프로젝트 지원),,서울 영등포구,인턴.신입,,07.23,https://www.peoplenjob.com/jobs/6226865
6226244,마케팅,2026-07-20 01:20:09,2026-06-22,아데코코리아,[외국계/강남] 아데코코리아 채용 컨설턴트 정규직,,서울 강남,인턴.신입 / 사원 / 대리.과장,,채용시,https://www.peoplenjob.com/jobs/6226244
6224832,마케팅,2026-07-20 01:20:09,2026-06-19,더파운더즈,[ANUA 아누아] 홍콩/대만 콘텐츠 마케팅 인턴,,서울 강남,인턴.신입 / 사원,,채용시,https://www.peoplenjob.com/jobs/6224832
6224789,마케팅,2026-07-20 01:20:09,2026-06-19,더파운더즈,[ANUA 아누아] 대만 인플루언서 마케팅 인턴,,서울 강남,인턴.신입 / 사원,,채용시,https://www.peoplenjob.com/jobs/6224789
6242453,해외영업,2026-07-20 01:20:09,2026-07-16,피플렙,과학기기전문기업 해외영업(신입가능),,강남,인턴.신입 / 사원 / 대리.과장,,채용시,https://www.peoplenjob.com/jobs/6242453
6240843,해외영업,2026-07-20 01:20:09,2026-07-14,(주)키스템프그룹,[대기업/성과급/워라벨] 현대글로비스 본사 사무직 채용,,서울 / 경기 / 인천,인턴.신입 / 사원,,07.20,https://www.peoplenjob.com/jobs/6240843
6240732,해외영업,2026-07-20 01:20:09,2026-07-14,Lynxeo Korea,[잠실/링세오코리아] Power Sales Back Office (해외영업/정규직),,서울 잠실 / 송파구,인턴.신입 / 사원,,08.13,https://www.peoplenjob.com/jobs/6240732
6238264,해외영업,2026-07-20 01:20:09,2026-07-10,메타써치,해외영업 신입-2년미만 영어,,경기도 광명시,인턴.신입,,07.23,https://www.peoplenjob.com/jobs/6238264
6230525,해외영업,2026-07-20 01:20:09,2026-06-29,더파운더즈,[ANUA] 글로벌 B2C 채널 아마존 매니저,,서울 강남,인턴.신입,,채용시,https://www.peoplenjob.com/jobs/6230525
6229224,해외영업,2026-07-20 01:20:09,2026-06-26,(주)헬로서치,"유통기업 해외영업(일본어) 채용 [4,000만 협의/마포/정규직]",,서울 마포구 / 마포,인턴.신입 / 사원 / 대리.과장,,채용시,https://www.peoplenjob.com/jobs/6229224
6229173,해외영업,2026-07-20 01:20:09,2026-06-26,(주)헬로서치,"일본계 무역상사 무역사무 채용 [3,700만/종로/계약전환]",,서울 종로구 / 종로,인턴.신입 / 사원,,채용시,https://www.peoplenjob.com/jobs/6229173
6226875,해외영업,2026-07-20 01:20:09,2026-06-23,헌터스그룹,(튀르키예소재)(대기업)튀르키예 지사 Trader (철강/신사업 영업),,튀르키예,인턴.신입 / 사원,,채용시,https://www.peoplenjob.com/jobs/6226875
6226219,해외영업,2026-07-20 01:20:09,2026-06-22,엔터웨이파트너스,해외영업-중견 제조사,,서울,인턴.신입 / 사원 / 대리.과장,,07.22,https://www.peoplenjob.com/jobs/6226219
6243875,신입,2026-07-20 01:20:09,2026-07-20,맨토스파워,[맨토스그룹] 헤드헌터(신입/경력) 채용,,서울,인턴.신입 / 사원 / 대리.과장,,08.19,https://www.peoplenjob.com/jobs/6243875
6243848,신입,2026-07-20 01:20:09,2026-07-20,베스트네트워크(주),HR컨설턴트 / 헤드헌터 정규직 신입/경력 채용 [베스트네트워크(주)],,서울 / 서울 강남,인턴.신입 / 사원,,08.19,https://www.peoplenjob.com/jobs/6243848
6243789,신입,2026-07-20 01:20:09,2026-07-20,퍼솔코리아,[독일계 산업용 접착제 1위 기업] CHAiNGERS Management Trainee – Process Improvement & Digitalization Engineer,,인천 송도 국제 도시,인턴.신입 / 사원,,채용시,https://www.peoplenjob.com/jobs/6243789
6243568,신입,2026-07-20 01:20:09,2026-07-19,베스트네트워크(주),HR컨설턴트 / 헤드헌터 정규직 신입/경력 채용 [베스트네트워크(주)],,서울 / 서울 강남,인턴.신입 / 사원,,07.23,https://www.peoplenjob.com/jobs/6243568
6243524,신입,2026-07-20 01:20:09,2026-07-19,잡스테이션코리아,고분자 연구원(신입가능) - 중견 정밀화학소재기업,,충북 청주,인턴.신입 / 사원 / 대리.과장,,채용시,https://www.peoplenjob.com/jobs/6243524
6243273,신입,2026-07-20 01:20:09,2026-07-18,베스트네트워크(주),HR컨설턴트 / 헤드헌터 정규직 신입/경력 채용 [베스트네트워크(주)],,서울 / 서울 강남,인턴.신입 / 사원,,07.22,https://www.peoplenjob.com/jobs/6243273
6243235,신입,2026-07-20 01:20:09,2026-07-18,반석써치(주),[글로벌 화학회사] 공무,,전북 익산시,인턴.신입 / 사원,,08.17,https://www.peoplenjob.com/jobs/6243235
6243117,신입,2026-07-20 01:20:09,2026-07-18,잡스테이션코리아,고분자 연구원(신입 가능) - 중견 정밀화학소재기업,,충북 청주,인턴.신입 / 사원 / 대리.과장,,채용시,https://www.peoplenjob.com/jobs/6243117
6243066,신입,2026-07-20 01:20:09,2026-07-18,에이치알포유,[스위스계] 항공사 케이터링 Chef 보조,,인천공항 / 운서동,인턴.신입 / 사원 / 대리.과장,,08.17,https://www.peoplenjob.com/jobs/6243066
6243017,신입,2026-07-20 01:20:09,2026-07-18,KFDA한국식자재유통협회,협회 행사 및 사무국 관리 담당 (신입~팀장),,서울 강남,인턴.신입 / 사원 / 대리.과장,,08.17,https://www.peoplenjob.com/jobs/6243017
6242936,신입,2026-07-20 01:20:09,2026-07-17,피플렙,"외국계 케미칼 플랜트 EHS 엔지니어(신입-5년, 영어 필수)",,울산,인턴.신입 / 사원,,채용시,https://www.peoplenjob.com/jobs/6242936
6242686,신입,2026-07-20 01:20:09,2026-07-17,잡스테이션코리아,고분자 연구원(신입가능) - 중견 정밀화학소재기업,,충북 청주,인턴.신입 / 사원 / 대리.과장,,07.22,https://www.peoplenjob.com/jobs/6242686
6242657,신입,2026-07-20 01:20:09,2026-07-17,베스트네트워크(주),HR컨설턴트 / 헤드헌터 정규직 신입/경력 채용 [베스트네트워크(주)],,서울 / 서울 강남,인턴.신입 / 사원,,07.21,https://www.peoplenjob.com/jobs/6242657
6242452,신입,2026-07-20 01:20:09,2026-07-16,피플렙,외국계케미칼 기계배관 엔지니어(신입 ~ 15년),,울산,인턴.신입 / 사원 / 대리.과장,,채용시,https://www.peoplenjob.com/jobs/6242452
6242440,신입,2026-07-20 01:20:09,2026-07-16,맨파워써치앤컨설팅,[외국계 의료기기] Procurement Specialsit,,경기 판교,인턴.신입 / 사원,,08.15,https://www.peoplenjob.com/jobs/6242440
6242427,신입,2026-07-20 01:20:09,2026-07-16,Manpowersearch,과일공방 생산 및 운영 담당,,전북,인턴.신입 / 사원 / 대리.과장,,채용시,https://www.peoplenjob.com/jobs/6242427
6242416,신입,2026-07-20 01:20:09,2026-07-16,피플워크(주),커리어 컨설턴트(헤드헌터 /리서처) 영입,,서울 강남,인턴.신입 / 사원 / 팀장.부장,,08.15,https://www.peoplenjob.com/jobs/6242416
6242355,신입,2026-07-20 01:20:09,2026-07-16,(주)맨파워그룹코리아,[인천공항] 외국계 항공특송회사 통관사무직 (1Y),,인천,인턴.신입,,08.15,https://www.peoplenjob.com/jobs/6242355
6242328,신입,2026-07-20 01:20:09,2026-07-16,엔터웨이파트너스,[세계 최초 약물분사] 선행연구팀(팀원),,대전,인턴.신입 / 사원,,08.15,https://www.peoplenjob.com/jobs/6242328
6242322,신입,2026-07-20 01:20:09,2026-07-16,퍼솔코리아,[독일계 산업용 접착제 1위 기업] CHAiNGERS Management Trainee – Process Improvement & Digitalization Engineer,,인천 송도 국제 도시,인턴.신입 / 사원,,07.23,https://www.peoplenjob.com/jobs/6242322
6242300,신입,2026-07-20 01:20:09,2026-07-16,(주)키스템프그룹,[화성/16시30분퇴근] 유명기업 품질보증팀 사무보조채용,,평택 / 오산 / 화성,인턴.신입 / 사원,,07.21,https://www.peoplenjob.com/jobs/6242300
6242252,신입,2026-07-20 01:20:09,2026-07-16,(주)키스템프그룹,[보험사인터경력우대/신입가능] AIA생명보험 단기사무채용,,서울 / 경기 / 인천,인턴.신입 / 사원,,07.22,https://www.peoplenjob.com/jobs/6242252
6242238,신입,2026-07-20 01:20:09,2026-07-16,(주)키스템프그룹,AIA생명보험 본사 영업지원/총무직 채용 [복지최상],,서울 / 경기 / 인천,인턴.신입 / 사원,,07.22,https://www.peoplenjob.com/jobs/6242238
6242197,신입,2026-07-20 01:20:09,2026-07-16,(주)키스템프그룹,[종로/소속전환가능] 코스피상장 중견기업 무역사무 채용,,서울 / 경기 / 인천,인턴.신입 / 사원,,07.20,https://www.peoplenjob.com/jobs/6242197
6242111,신입,2026-07-20 01:20:09,2026-07-16,Access World Korea Limited,[정규직] 국제물류관리 담당자 신입 및 경력 채용,,서울 / 서울 중구,인턴.신입 / 사원,,08.14,https://www.peoplenjob.com/jobs/6242111
6242011,신입,2026-07-20 01:20:09,2026-07-16,잡스테이션코리아,고분자 연구원(신입 가능) - 중견 정밀화학소재기업,,충북 청주,인턴.신입 / 사원 / 대리.과장,,07.21,https://www.peoplenjob.com/jobs/6242011
6241992,신입,2026-07-20 01:20:09,2026-07-16,(주)키스템프그룹,[삼성역/대기업/신입가능] 삼성계열사 팀 사무 채용,,서울 / 경기 / 인천,인턴.신입 / 사원,,07.22,https://www.peoplenjob.com/jobs/6241992
6241905,신입,2026-07-20 01:20:09,2026-07-16,퍼솔코리아,[광화문역/외국계은행] CRM팀 금융사무 (영어필수),,서울 / 경기 / 인천,인턴.신입 / 사원,,08.15,https://www.peoplenjob.com/jobs/6241905
6241878,신입,2026-07-20 01:20:09,2026-07-16,Pentax Medical Singapore Pte.Ltd.(Korea Branch),[PENTAX Medical] Endoscope Repair Technicians (신입-경력 3년 이내),,서울 광진구,인턴.신입 / 사원,,채용시,https://www.peoplenjob.com/jobs/6241878
6241823,신입,2026-07-20 01:20:09,2026-07-16,맨토스파워,[맨토스그룹] 헤드헌터(신입/경력) 채용,,서울,인턴.신입 / 사원 / 대리.과장,,07.23,https://www.peoplenjob.com/jobs/6241823
6241746,신입,2026-07-20 01:20:09,2026-07-16,퍼솔코리아,[광화문역/외국계유명기업] IT팀 Admin (경력무관/영어가능자),,서울 / 경기 / 인천,인턴.신입 / 사원,,채용시,https://www.peoplenjob.com/jobs/6241746
6242327,신입,2026-07-20 01:20:09,2026-07-16,맨파워써치앤컨설팅,[외국계 의료기기] Quality Associate (신입가능),,경기 성남,인턴.신입 / 사원,,08.15,https://www.peoplenjob.com/jobs/6242327
6242245,신입,2026-07-20 01:20:09,2026-07-16,Air Liquide Korea,[바이탈에어코리아] 수도권 홈헬스케어 영업직 (신입 가능/교육 제공),,서울 / 경기 / 인천,인턴.신입 / 사원,,08.15,https://www.peoplenjob.com/jobs/6242245
6242156,신입,2026-07-20 01:20:09,2026-07-16,VISLUBE,U [부산]고객사 오더 코디네이터 모집,,부산 / 부산 진흥마제스타워,인턴.신입 / 사원 / 대리.과장,,07.30,https://www.peoplenjob.com/jobs/6242156
6241597,신입,2026-07-20 01:20:09,2026-07-15,베스트네트워크(주),HR컨설턴트 / 헤드헌터 정규직 신입/경력 채용 [베스트네트워크(주)],,서울 / 서울 강남,인턴.신입 / 사원,,07.20,https://www.peoplenjob.com/jobs/6241597
6241572,신입,2026-07-20 01:20:09,2026-07-15,Air Liquide Korea,[장애인채용] 총무/사무행정 지원,,서울,인턴.신입 / 사원,,08.14,https://www.peoplenjob.com/jobs/6241572
6241460,신입,2026-07-20 01:20:09,2026-07-15,맨파워써치앤컨설팅,[외국계/업계 1위] 진단기기 Engineer(내근직)-신입~2년/정규직/서울,,서울 강남구,인턴.신입,,08.14,https://www.peoplenjob.com/jobs/6241460
6241292,신입,2026-07-20 01:20:09,2026-07-15,반석써치(주),[제조관리약사]대형제약사,,평택,인턴.신입 / 사원 / 대리.과장,,08.14,https://www.peoplenjob.com/jobs/6241292
6241228,신입,2026-07-20 01:20:09,2026-07-15,잡스테이션코리아,고분자 연구원(신입가능) - 중견 정밀화학소재기업,,충북 청주,인턴.신입 / 사원 / 대리.과장,,07.20,https://www.peoplenjob.com/jobs/6241228
6241215,신입,2026-07-20 01:20:09,2026-07-15,(주)헤드헌트,[ 바이오] AI 단백질 설계_ 박사급 _ 팀장 또는 팀원,,서울,인턴.신입 / 사원 / 대리.과장,,채용시,https://www.peoplenjob.com/jobs/6241215
6241207,신입,2026-07-20 01:20:09,2026-07-15,(주)키스템프그룹,[인천서구/외국계/정규전환가능] 유명 기업 도서관리 채용,,서울 / 경기 / 인천,인턴.신입 / 사원,,07.20,https://www.peoplenjob.com/jobs/6241207
6241181,신입,2026-07-20 01:20:09,2026-07-15,(주)키스템프그룹,[천안/외국계/신입가능] 유명 외국계 기업 사무직 채용,,경기 / 충청남도 / 천안,인턴.신입 / 사원,,07.21,https://www.peoplenjob.com/jobs/6241181
6241306,신입,2026-07-20 01:20:09,2026-07-15,dentsu,[글로벌광고회사] 덴츠그룹 총무 인턴 채용,,서울 / 서울 강남,인턴.신입,,08.14,https://www.peoplenjob.com/jobs/6241306
6240647,신입,2026-07-20 01:20:09,2026-07-15,Cargill Agri Purina,[Cargill] 영업부 판매부장(Sales Professional) / 신입 트레이니(Sales Trainee),,경기 성남 / 전국,인턴.신입 / 사원 / 대리.과장,,07.29,https://www.peoplenjob.com/jobs/6240647
6240562,신입,2026-07-20 01:20:09,2026-07-14,맨파워써치앤컨설팅,[외국계] Sales Engineer (자동차부품),,서울 강남,인턴.신입 / 사원,,07.31,https://www.peoplenjob.com/jobs/6240562
6240362,신입,2026-07-20 01:20:09,2026-07-14,퍼솔코리아,[광화문역/외국계은행] CRM팀 금융사무 (영어필수),,서울 / 경기 / 인천,인턴.신입 / 사원,,08.13,https://www.peoplenjob.com/jobs/6240362
6240940,신입,2026-07-20 01:20:09,2026-07-14,맨파워써치앤컨설팅,수의사 채용,,충북 / 음성,인턴.신입 / 사원 / 대리.과장,,08.13,https://www.peoplenjob.com/jobs/6240940
6240791,신입,2026-07-20 01:20:09,2026-07-14,Maersk,3PL Infrastructure Support (신입가능),,경기 이천,인턴.신입 / 사원,,채용시,https://www.peoplenjob.com/jobs/6240791
6240176,신입,2026-07-20 01:20:09,2026-07-13,에이피써치,[제약/바이오 기업]  바이오QA팀 품질부서 약사,,경기 화성,인턴.신입 / 사원 / 대리.과장,,채용시,https://www.peoplenjob.com/jobs/6240176
6240063,신입,2026-07-20 01:20:09,2026-07-13,메타써치,국내양업 신입-4년미만 전북 군산,,전북 군산시,인턴.신입 / 사원,,07.28,https://www.peoplenjob.com/jobs/6240063
6239999,신입,2026-07-20 01:20:09,2026-07-13,(주)스카우트파트너스,유망 스타트업 SW개발,,서울 강남,인턴.신입 / 사원 / 대리.과장,,채용시,https://www.peoplenjob.com/jobs/6239999
6239911,신입,2026-07-20 01:20:09,2026-07-13,디에이치엘서플라이체인코리아(주),"[DHL] Supervisor, Transport (검단, 신입가능, 운송관리)",,검단,인턴.신입 / 사원,,채용시,https://www.peoplenjob.com/jobs/6239911
6239710,신입,2026-07-20 01:20:09,2026-07-13,GE Healthcare,"Materials Specialist (신입가능, 성남근무)",,경기도 성남,인턴.신입 / 사원 / 대리.과장,,채용시,https://www.peoplenjob.com/jobs/6239710
6239704,신입,2026-07-20 01:20:09,2026-07-13,Deloitte,[딜로이트 안진회계법인] 세무자문부문 BPS그룹 주니어 경력직,,서울 영등포구,인턴.신입,,08.07,https://www.peoplenjob.com/jobs/6239704
6239613,신입,2026-07-20 01:20:09,2026-07-13,Merck Ltd. Korea,"[Merck Korea] Junior OLED Chemist (유기합성, 석사이상, 신입가능, 포승 근무)",,경기도 평택 평택항로 306,인턴.신입 / 사원,,채용시,https://www.peoplenjob.com/jobs/6239613
6239615,신입,2026-07-20 01:20:09,2026-07-13,아데코코리아,[명동/BMW Korea] Aftersales Product Sales & Operations Support 채용,,서울 / 서울 중구,인턴.신입 / 사원,,08.12,https://www.peoplenjob.com/jobs/6239615
6238587,신입,2026-07-20 01:20:09,2026-07-10,익스피다이터스 코리아,[외국계/글로벌 포워딩] 익스피다이터스코리아 통관부  신입사원 채용 (인천근무),,인천,인턴.신입,,08.09,https://www.peoplenjob.com/jobs/6238587
6238407,신입,2026-07-20 01:20:09,2026-07-10,맨파워써치앤컨설팅,[외국계] Sales Engineer (자동차전장),,서울 강남,인턴.신입 / 사원,,07.24,https://www.peoplenjob.com/jobs/6238407
6238325,신입,2026-07-20 01:20:09,2026-07-10,(주)키스템프그룹,[역삼역/대기업] G마켓 이커머스 해외직구운영 AMD 채용,,서울 / 경기 / 인천,인턴.신입 / 사원,,07.20,https://www.peoplenjob.com/jobs/6238325
6238262,신입,2026-07-20 01:20:09,2026-07-10,아데코코리아,[광화문/외국계코스메틱사] Marketing Admin (신입 지원 가능),,서울 / 서울 중구 / 서울 종로구,인턴.신입 / 사원,,08.09,https://www.peoplenjob.com/jobs/6238262
6238300,신입,2026-07-20 01:20:09,2026-07-10,한온시스템,구매지원,,경기 성남,인턴.신입 / 사원,,07.24,https://www.peoplenjob.com/jobs/6238300
6237765,신입,2026-07-20 01:20:09,2026-07-09,(주)맨파워그룹코리아,U [압구정] 럭셔리 리테일 그룹 'B'사 HR Generalist,,서울 강남,인턴.신입,,채용시,https://www.peoplenjob.com/jobs/6237765
6237590,신입,2026-07-20 01:20:09,2026-07-09,퍼솔코리아,[광화문역/외국계은행] CRM팀 금융사무 (영어필수),,서울 / 경기 / 인천,인턴.신입 / 사원,,08.08,https://www.peoplenjob.com/jobs/6237590
6237534,신입,2026-07-20 01:20:09,2026-07-09,알파사이츠,[글로벌기업] 주요 고객사 프로젝트 담당자 신입 및 주니어 경력 채용 (9월 입사),,서울 중구,인턴.신입,,08.08,https://www.peoplenjob.com/jobs/6237534
6237533,신입,2026-07-20 01:20:09,2026-07-09,알파사이츠,글로벌 로테이션(서울/런던) 주요 고객사 프로젝트 담당자 신입 채용,,서울 중구,인턴.신입,,08.08,https://www.peoplenjob.com/jobs/6237533
6237532,신입,2026-07-20 01:20:09,2026-07-09,알파사이츠,[글로벌기업] 2026 Client Service Trainee 프로그램 참여자 공개 모집,,"Jung-gu,Seoul-서울 중구",인턴.신입 / 대리.과장,,08.08,https://www.peoplenjob.com/jobs/6237532
6237491,신입,2026-07-20 01:20:09,2026-07-09,Deloitte,[딜로이트 안진회계법인] 회계감사부문 Digital Assurance SAP 및 ERP specialist 경력직,,서울 영등포구,인턴.신입 / 사원 / 대리.과장,,08.06,https://www.peoplenjob.com/jobs/6237491
6237477,신입,2026-07-20 01:20:09,2026-07-09,(주)맨파워그룹코리아,[수원/12M] 유명 글로벌 반도체 기업 Q사 Engineering Technician 채용,,경기 수원,인턴.신입,,07.21,https://www.peoplenjob.com/jobs/6237477
6237720,신입,2026-07-20 01:20:09,2026-07-09,(주)키스템프그룹,[한국화웨이기술] 중한통번역/구매팀 채용 [정규직전환有/신입가능],,서울 / 경기 / 인천,인턴.신입 / 사원,,07.20,https://www.peoplenjob.com/jobs/6237720
6237016,신입,2026-07-20 01:20:09,2026-07-08,(주)맨파워그룹코리아,[광화문/1Y] 일본 3대 메가 글로벌 은행 Accounting Team,,광화문,인턴.신입,,08.07,https://www.peoplenjob.com/jobs/6237016
6236941,신입,2026-07-20 01:20:09,2026-07-08,Air Liquide Korea,[상시 채용] 홈헬스케어 부문 신입 및 경력직 모집 - 전국 8개 지사,,서울 / 광주 / 부산,인턴.신입 / 사원 / 대리.과장,,채용시,https://www.peoplenjob.com/jobs/6236941
6236825,신입,2026-07-20 01:20:09,2026-07-08,아데코코리아,[분당/독일계 의료장비/신입가능] Process Engineer(사무),,서울 / 경기,인턴.신입 / 사원,,08.07,https://www.peoplenjob.com/jobs/6236825
6236774,신입,2026-07-20 01:20:09,2026-07-08,Merck Ltd. Korea,"[Merck Korea] Junior Field Service Engineer (신입 가능, 가스/케미칼 공급 장치)",,경기 / 경기 안산,인턴.신입 / 사원,,채용시,https://www.peoplenjob.com/jobs/6236774
6237102,신입,2026-07-20 01:20:09,2026-07-08,Air Liquide Korea,[홈헬스케어] 의료장비 기술지원 엔지니어 (신입 가능),,서울 / 경기 / 인천,인턴.신입,,08.07,https://www.peoplenjob.com/jobs/6237102
6236935,신입,2026-07-20 01:20:09,2026-07-08,Air Liquide Korea,[바이탈에어코리아] 부산 홈헬스케어 영업직 (신입 가능/교육 제공),,부산,인턴.신입 / 사원 / 대리.과장,,08.07,https://www.peoplenjob.com/jobs/6236935
6236719,신입,2026-07-20 01:20:09,2026-07-08,한국애보트,[애보트메디칼코리아] EP Field Clinical Engineer  (Sales Rep) - 신입,,서울 강남,인턴.신입,,채용시,https://www.peoplenjob.com/jobs/6236719
6236653,신입,2026-07-20 01:20:09,2026-07-08,Enhans,[인핸스] Sales Development Representative (신입/경력),,서울 / 서울 서초구,인턴.신입 / 사원,,08.07,https://www.peoplenjob.com/jobs/6236653
6236222,신입,2026-07-20 01:20:09,2026-07-07,루이비통코리아(유),[루이비통코리아] 2026 스토어 신입 대규모 공개채용,,서울 / 광주 / 부산,인턴.신입,,07.26,https://www.peoplenjob.com/jobs/6236222
6236095,신입,2026-07-20 01:20:09,2026-07-07,메타써치,[국내 중견제약사] 바이오QA팀 품질부서 약사 포지션 (신입가능),,경기 화성,인턴.신입 / 사원 / 대리.과장,,08.06,https://www.peoplenjob.com/jobs/6236095
6236087,신입,2026-07-20 01:20:09,2026-07-07,김앤장법률사무소,[김.장 법률사무소] 일어번역 직원 채용,,서울 종로구,인턴.신입 / 사원,,07.21,https://www.peoplenjob.com/jobs/6236087
6236085,신입,2026-07-20 01:20:09,2026-07-07,(주)키스템프그룹,[강남/외국계/뷰티] 해브앤비 '콘텐츠 기획 및 제작' 단기채용 (6개월),,서울 / 경기 / 인천,인턴.신입 / 사원,,07.20,https://www.peoplenjob.com/jobs/6236085
6235868,신입,2026-07-20 01:20:09,2026-07-07,(주)맨파워그룹코리아,[천안] 글로벌 화학기업 Logistics Admin (3M),,충남 천안,인턴.신입 / 사원,,08.06,https://www.peoplenjob.com/jobs/6235868
6236324,신입,2026-07-20 01:20:09,2026-07-07,지멘스 헬시니어스,[지멘스헬시니어스] Software Engineer,,경기 성남 / 경기 분당,인턴.신입 / 사원,,08.06,https://www.peoplenjob.com/jobs/6236324
6236266,신입,2026-07-20 01:20:09,2026-07-07,아데코코리아,[신논현/신입가능/영어] 글로벌IT기업 Office Admin 채용,,서울 / 서울 서초구 / 경기,인턴.신입 / 사원,,채용시,https://www.peoplenjob.com/jobs/6236266
6236263,신입,2026-07-20 01:20:09,2026-07-07,아데코코리아,[신입가능/영어능숙] 글로벌IT기업 General Affairs Junior 채용,,서울 / 서울 서초구 / 경기,인턴.신입 / 사원,,채용시,https://www.peoplenjob.com/jobs/6236263
6236255,신입,2026-07-20 01:20:09,2026-07-07,아데코코리아,[을지로/신입가능/커리어UP] 우버택시 Sales Support 채용,,서울 / 서울 중구 / 경기,인턴.신입,,채용시,https://www.peoplenjob.com/jobs/6236255
6236124,신입,2026-07-20 01:20:09,2026-07-07,퍼솔코리아,[외국계 명품사/서울시청] IT Coordinator 채용,,서울 / 서울 중구,인턴.신입,,채용시,https://www.peoplenjob.com/jobs/6236124
6235994,신입,2026-07-20 01:20:09,2026-07-07,Samkoo Inc,U 신세계인터내셔날 패션VMD실 해외패션 라운딩 VMD 신입.경력 채용,,서울 강남,인턴.신입 / 사원,,채용시,https://www.peoplenjob.com/jobs/6235994
6235358,신입,2026-07-20 01:20:09,2026-07-06,프리미어써치(Premier Search),"마감[정규직]물류 운영_탑 티어 럭셔리 브랜드_부천 근무_Logistics, Fullfillment, SCM, Inventory, Stock 관련 업무",,경기도 부천,인턴.신입 / 사원 / 대리.과장,,채용시,https://www.peoplenjob.com/jobs/6235358
6235348,신입,2026-07-20 01:20:09,2026-07-06,포맨컨설팅,[글로벌 F&B] 품질관리자 (신입 가능),,경기 평택,인턴.신입 / 사원 / 대리.과장,,채용시,https://www.peoplenjob.com/jobs/6235348
6235415,신입,2026-07-20 01:20:09,2026-07-06,"Amphenol DaeShin Electronics and Precision Co., Lt",[외국계/암페놀] 인사총무 담당자 채용 (신입/정규직),,경기 부천,인턴.신입,,채용시,https://www.peoplenjob.com/jobs/6235415
6234353,신입,2026-07-20 01:20:09,2026-07-04,에이치알원컨설팅,물류유통 담당자 (신입가능)-글로벌 식품유통 중견기업,,서울,인턴.신입,,채용시,https://www.peoplenjob.com/jobs/6234353
6233713,신입,2026-07-20 01:20:09,2026-07-03,써모피셔사이언티픽코리아,전자현미경 Field Service Engineer (신입/경력 엔지니어 모집) (경기),,경기 / 대전 / 전라,인턴.신입 / 사원 / 대리.과장,,채용시,https://www.peoplenjob.com/jobs/6233713
6233348,신입,2026-07-20 01:20:09,2026-07-02,온리원파트너스(주),[철강/물류운송 중견기업] 배차관리 채용,,전남 광양시,인턴.신입 / 사원 / 대리.과장,,채용시,https://www.peoplenjob.com/jobs/6233348
6233281,신입,2026-07-20 01:20:09,2026-07-02,퍼솔코리아,[외국계/신입가능] 연구실 사무지원 (Lab Technician),,서울,인턴.신입 / 사원,,채용시,https://www.peoplenjob.com/jobs/6233281
6233205,신입,2026-07-20 01:20:09,2026-07-02,아데코코리아,[삼성역/외국계코스메틱] QA 채용 (6개월/신입가능),,서울 / 서울 강남,인턴.신입,,08.01,https://www.peoplenjob.com/jobs/6233205
6232771,신입,2026-07-20 01:20:09,2026-07-02,퍼솔코리아,"[외국계선사]Customer&Cargo Coordinator(일본인 구인,신입가능)",,서울 / 경기 / 인천,인턴.신입 / 사원,,채용시,https://www.peoplenjob.com/jobs/6232771
6233218,신입,2026-07-20 01:20:09,2026-07-02,TEMPEED,[청담역/글로벌 명품 브랜드]본사 무역 사무 채용(신입·경력 무관),,서울 / 강남 / 청담,인턴.신입 / 사원,,채용시,https://www.peoplenjob.com/jobs/6233218
6233114,신입,2026-07-20 01:20:09,2026-07-02,Manpowersearch,초긴급!! 의료기기 Sales Engineer (신입사원 또는 주임급),,서울 강남,인턴.신입 / 사원,,08.01,https://www.peoplenjob.com/jobs/6233114
6232225,신입,2026-07-20 01:20:09,2026-07-01,맨파워코리아,"U [동탄] 디스플레이, 반도체 업계 1위 기업 사무행정지원 (1Y)",,화성시 / 동탄역 / 동탄기흥로,인턴.신입 / 사원,,채용시,https://www.peoplenjob.com/jobs/6232225
6232224,신입,2026-07-20 01:20:09,2026-07-01,맨파워코리아,"U [야탑/급여上] 디스플레이, 반도체 업계 1위 기업 Order Management (8M)",,서울 / 서울 강남,인턴.신입 / 사원,,채용시,https://www.peoplenjob.com/jobs/6232224
6232222,신입,2026-07-20 01:20:09,2026-07-01,맨파워코리아,"U [동탄/급여上] 디스플레이, 반도체 업계 1위 기업 Order Management (12M)",,동탄역 / 동탄기흥로,인턴.신입 / 사원,,채용시,https://www.peoplenjob.com/jobs/6232222
6232492,신입,2026-07-20 01:20:09,2026-07-01,GFI Korea 외국환중개,[GFI 코리아] 자금시장 (MM) 브로커 채용,,서울,인턴.신입 / 사원,,채용시,https://www.peoplenjob.com/jobs/6232492
6232092,신입,2026-07-20 01:20:09,2026-07-01,MOWI,영업지원 Sales Coordinator - 신입~2년 이하,,서울 / 서울 중구 / 서울 종로구,인턴.신입,,07.31,https://www.peoplenjob.com/jobs/6232092
6231825,신입,2026-07-20 01:20:09,2026-06-30,(주)맨파워그룹코리아,[여의도] 빅4 회계법인 Junior 임원비서 채용 (1Y/신입),,서울 / 서울 여의도,인턴.신입,,07.30,https://www.peoplenjob.com/jobs/6231825
6231764,신입,2026-07-20 01:20:09,2026-06-30,샌드박스네트워크(Sandbox Network Inc.),[AD] 광고 사업 기획/운영 매니저(신입/경력),,서울 용산구,인턴.신입 / 사원,,07.29,https://www.peoplenjob.com/jobs/6231764
6231502,신입,2026-07-20 01:20:09,2026-06-30,Adapt,[전환형인턴] 글로벌 CX 담당자 (홍콩),,서울 강남,인턴.신입,,07.30,https://www.peoplenjob.com/jobs/6231502
6231733,신입,2026-07-20 01:20:09,2026-06-30,드림HR,측정기기(식품기업대상) 영업 신입-글로벌 계측기 회사,,서울,인턴.신입 / 사원 / 대리.과장,,07.30,https://www.peoplenjob.com/jobs/6231733
6231614,신입,2026-07-20 01:20:09,2026-06-30,DAY1COMPANY,[패스트캠퍼스 B2B][신입/주니어] 공공 AX 교육 컨설턴트,,서울 강남,인턴.신입 / 사원,,채용시,https://www.peoplenjob.com/jobs/6231614
6226200,신입,2026-07-20 01:20:09,2026-06-30,아데코코리아,U 도이치은행 Sales support admin (신입 가능),,서울,인턴.신입 / 사원,,채용시,https://www.peoplenjob.com/jobs/6226200
6231015,신입,2026-07-20 01:20:09,2026-06-29,아데코코리아,[신용산/글로벌헬스케어] Marketing Admin (신입 가능),,서울 / 서울 용산구,인턴.신입 / 사원,,07.29,https://www.peoplenjob.com/jobs/6231015
6230922,신입,2026-07-20 01:20:09,2026-06-29,Burson Group,Burson 국내/해외 PR 6개월 채용 전환형 인턴 모집,,서울 종로구,인턴.신입,,07.29,https://www.peoplenjob.com/jobs/6230922
6230793,신입,2026-07-20 01:20:09,2026-06-29,유엘코리아 주식회사,(서울 역삼) ESS 배터리 시스템 안전인증 엔지니어 채용,,서울 강남,인턴.신입 / 사원 / 대리.과장,,07.29,https://www.peoplenjob.com/jobs/6230793
6230787,신입,2026-07-20 01:20:09,2026-06-29,유엘코리아 주식회사,(서울 역삼) 전력/전기분야 안전인증 엔지니어 채용,,서울 강남,인턴.신입 / 사원 / 대리.과장,,채용시,https://www.peoplenjob.com/jobs/6230787
6230785,신입,2026-07-20 01:20:09,2026-06-29,유엘코리아 주식회사,(경기 평택)  Automotive EMC 시험엔지니어 채용,,경기 평택,인턴.신입 / 사원 / 대리.과장,,채용시,https://www.peoplenjob.com/jobs/6230785
6230626,신입,2026-07-20 01:20:09,2026-06-29,더하이어코리아 주식회사,[부산중앙역 / 외국계] 수출입 오퍼레이션 육아휴직대체 18개월,,부산 / 부산중앙역,인턴.신입 / 사원 / 대리.과장,,07.29,https://www.peoplenjob.com/jobs/6230626
6231040,신입,2026-07-20 01:20:09,2026-06-29,에이피써치,[제약/바이오 기업] QA팀 관리약사,,경기 화성,인턴.신입 / 사원 / 대리.과장,,채용시,https://www.peoplenjob.com/jobs/6231040
6231002,신입,2026-07-20 01:20:09,2026-06-29,"Gigabyte Technology, LLC",U 서버 하드웨어 기술지원 엔지니어FAE,,서울 용산구,인턴.신입,,채용시,https://www.peoplenjob.com/jobs/6231002
6230920,신입,2026-07-20 01:20:09,2026-06-29,아데코코리아,[자격증필수/신입가능] 글로벌플랫폼 Uber Taxi 가맹거래사 채용,,서울 / 서울 중구 / 경기,인턴.신입 / 사원,,채용시,https://www.peoplenjob.com/jobs/6230920
6230679,신입,2026-07-20 01:20:09,2026-06-29,크림슨인터랙티브코리아,U Enago한국지사_고객지원팀(CS)_사원급(신입사원 지원가능),,서울 강남,인턴.신입,,채용시,https://www.peoplenjob.com/jobs/6230679
6230523,신입,2026-07-20 01:20:09,2026-06-29,(주)맨파워그룹코리아,U [송파] 유명 비영리법인 총무 Admin,,서울 강남 / 서울 송파,인턴.신입,,채용시,https://www.peoplenjob.com/jobs/6230523
6229256,신입,2026-07-20 01:20:09,2026-06-26,Global Career Institute (GCI),[Global/Luxury] Accountant - 신입 지원 가능,,서울,인턴.신입 / 사원,,채용시,https://www.peoplenjob.com/jobs/6229256
6228923,신입,2026-07-20 01:20:09,2026-06-26,베스트네트워크(주),HR컨설턴트 / 헤드헌터 정규직 신입/경력 채용 [베스트네트워크(주)],,서울 / 서울 강남,인턴.신입 / 사원,,07.26,https://www.peoplenjob.com/jobs/6228923
6229226,신입,2026-07-20 01:20:09,2026-06-26,(주)헬로서치,"유통기업 영업관리(영어必) 채용 [4,000만/마포/신입가능]",,서울 마포구 / 마포,인턴.신입 / 사원 / 대리.과장,,채용시,https://www.peoplenjob.com/jobs/6229226
6228621,신입,2026-07-20 01:20:09,2026-06-25,NEXUSHR,넥서스에이치알 컨설턴트 채용,,서울 강남,인턴.신입 / 대리.과장 / 팀장.부장,,채용시,https://www.peoplenjob.com/jobs/6228621
6228607,신입,2026-07-20 01:20:09,2026-06-25,Deloitte,[딜로이트 안진회계법인] 경영자문부문 부동산본부 정규직 전환형 인턴십,,서울 영등포구,인턴.신입,,07.20,https://www.peoplenjob.com/jobs/6228607
6228405,신입,2026-07-20 01:20:09,2026-06-25,맨토스파워,[중견제약그룹]품질관리 약사 (제천) 신입~부장급,,충북 제천,인턴.신입 / 사원 / 대리.과장,,채용시,https://www.peoplenjob.com/jobs/6228405
6228293,신입,2026-07-20 01:20:09,2026-06-25,콘센트릭스,U 모바일 Pay CS 글로벌 담당자,,경기도 수원시 영통구 삼성로 210,인턴.신입 / 사원,,07.31,https://www.peoplenjob.com/jobs/6228293
6227768,신입,2026-07-20 01:20:09,2026-06-24,더파운더즈,[ANUA] 글로벌 아마존 AMD 단기 인턴 (제2외국어 우대),,서울 강남,인턴.신입,,채용시,https://www.peoplenjob.com/jobs/6227768
6227724,신입,2026-07-20 01:20:09,2026-06-24,마크비전,[글로벌기업/재택가능/신입O] Brand Protection Specialist,,서울 / 서울 강남,인턴.신입 / 사원,,07.24,https://www.peoplenjob.com/jobs/6227724
6227367,신입,2026-07-20 01:20:09,2026-06-24,(주)에이젝코리아,[외국금융사] Credit Risk Management 담당자 채용,,서울,인턴.신입 / 사원,,07.24,https://www.peoplenjob.com/jobs/6227367
6227118,신입,2026-07-20 01:20:09,2026-06-23,(주)핀커스코리아,[그룹계열 우량기업] 고분자 생체소재 의료기기 연구원,,강원도 / 춘천시,인턴.신입 / 사원 / 대리.과장,,07.23,https://www.peoplenjob.com/jobs/6227118
6226530,신입,2026-07-20 01:20:09,2026-06-23,BAT Rothmans,[British American Tobacco] Export TLB Planner (Logistics),,사천 sacheon,인턴.신입 / 사원,,07.23,https://www.peoplenjob.com/jobs/6226530
6226318,신입,2026-07-20 01:20:09,2026-06-22,엔터웨이파트너스,IT담당-중견 제조사,,서울,인턴.신입 / 사원 / 대리.과장,,07.22,https://www.peoplenjob.com/jobs/6226318
6226304,신입,2026-07-20 01:20:09,2026-06-22,엔터웨이파트너스,품질경영(품질관리)-중견 제조사,,충남,인턴.신입 / 사원 / 대리.과장,,07.22,https://www.peoplenjob.com/jobs/6226304
6226240,신입,2026-07-20 01:20:09,2026-06-22,아데코코리아,[강남역/외국계의료기기] Demand Planning Professional (신입~경력 5년 이하),,서울 / 서울 강남,인턴.신입 / 사원,,07.22,https://www.peoplenjob.com/jobs/6226240
6226103,신입,2026-07-20 01:20:09,2026-06-22,에임즈인터내셔널코리아,[외국계 식품회사] QA Inspector (품질관리 / 신입 ~ 경력 7년 / 평택 근무),,경기 평택,인턴.신입 / 사원 / 대리.과장,,07.22,https://www.peoplenjob.com/jobs/6226103
6225976,신입,2026-07-20 01:20:09,2026-06-22,퍼솔코리아,[글로벌 엔터테인먼트사]Junior Finance Manager,,서울,인턴.신입,,채용시,https://www.peoplenjob.com/jobs/6225976
6225871,신입,2026-07-20 01:20:09,2026-06-22,Hitachi Energy Korea,(신입) Electrical Engineer 변압기 전기설계,,충남 천안,인턴.신입,,07.22,https://www.peoplenjob.com/jobs/6225871
6226314,신입,2026-07-20 01:20:09,2026-06-22,커리어텍,[남영역 / HJ중공업] 사무직(플랜트사업팀) 채용,,서울 용산구,인턴.신입,,07.22,https://www.peoplenjob.com/jobs/6226314
6226266,신입,2026-07-20 01:20:09,2026-06-22,Deloitte,[딜로이트 안진회계법인] 2026 신입회계사 정기채용,,서울 여의도,인턴.신입,,07.24,https://www.peoplenjob.com/jobs/6226266
6243812,글로벌,2026-07-20 01:20:09,2026-07-20,베스트네트워크(주),47. After Sales Specialist [글로벌 럭셔리 기업],,서울,인턴.신입 / 사원,,채용시,https://www.peoplenjob.com/jobs/6243812
6243566,글로벌,2026-07-20 01:20:09,2026-07-19,베스트네트워크(주),47. After Sales Specialist [글로벌 럭셔리 기업],,서울,인턴.신입 / 사원,,07.23,https://www.peoplenjob.com/jobs/6243566
6243271,글로벌,2026-07-20 01:20:09,2026-07-18,베스트네트워크(주),47. After Sales Specialist [글로벌 럭셔리 기업],,서울,인턴.신입 / 사원,,07.22,https://www.peoplenjob.com/jobs/6243271
6242910,글로벌,2026-07-20 01:20:09,2026-07-17,헌터파트너스,A&R Specialist 채용 - 글로벌 엔터 플랫폼기업,,서울,인턴.신입 / 사원 / 대리.과장,,채용시,https://www.peoplenjob.com/jobs/6242910
6242866,글로벌,2026-07-20 01:20:09,2026-07-17,베스트네트워크(주),47. After Sales Specialist [글로벌 럭셔리 기업],,서울,인턴.신입 / 사원,,07.21,https://www.peoplenjob.com/jobs/6242866
6242828,글로벌,2026-07-20 01:20:09,2026-07-17,DHL Global Forwarding Korea,DHL 글로벌 포워딩 코리아 Sales Support Executive 경력직 모집(서울),,서울,인턴.신입 / 사원,,07.27,https://www.peoplenjob.com/jobs/6242828
6242785,글로벌,2026-07-20 01:20:09,2026-07-17,(주)비온에이치알,[자동차 부품사] 멕시코법인 품질/개발관리 (현채인),,멕시코 (몬테레이),인턴.신입 / 사원 / 대리.과장,,채용시,https://www.peoplenjob.com/jobs/6242785
6242520,글로벌,2026-07-20 01:20:09,2026-07-17,바인컨설팅,글로벌 유명 화학 기업 안전보건관리자,,전북 완주,인턴.신입 / 사원 / 대리.과장,,07.23,https://www.peoplenjob.com/jobs/6242520
6242234,글로벌,2026-07-20 01:20:09,2026-07-16,삼일회계법인,[삼일회계법인] 조직문화 데이터 & 소통 플랫폼 지원 인턴 채용,,서울 용산구,인턴.신입,,07.27,https://www.peoplenjob.com/jobs/6242234
6242106,글로벌,2026-07-20 01:20:09,2026-07-16,REED Korea,U Junior Accountant (경력 1~4년),,서울 송파구,인턴.신입 / 사원,,채용시,https://www.peoplenjob.com/jobs/6242106
6241918,글로벌,2026-07-20 01:20:09,2026-07-16,CHARLES & KEITH,CHARLES & KEITH 바잉MD,,서울 강남,인턴.신입 / 사원,,채용시,https://www.peoplenjob.com/jobs/6241918
6241886,글로벌,2026-07-20 01:20:09,2026-07-16,(주)맨파워그룹코리아,U [광화문] 스위스계 유명 재보험사 L&H Pricing Actuarial Analyst,,광화문,인턴.신입 / 사원,,08.15,https://www.peoplenjob.com/jobs/6241886
6241873,글로벌,2026-07-20 01:20:09,2026-07-16,베스트네트워크(주),47. After Sales Specialist [글로벌 럭셔리 기업],,서울,인턴.신입 / 사원,,07.20,https://www.peoplenjob.com/jobs/6241873
6241867,글로벌,2026-07-20 01:20:09,2026-07-16,(주)맨파워그룹코리아,[삼성] 글로벌 바이오제약기업 Commercial Team Admin (1Y/연장可),,서울 / 서울 강남,인턴.신입 / 사원,,08.15,https://www.peoplenjob.com/jobs/6241867
6241765,글로벌,2026-07-20 01:20:09,2026-07-16,퍼솔코리아,[외국계 글로벌 명품사/신논현] VM  Coordinator 채용,,서울 강남,인턴.신입,,채용시,https://www.peoplenjob.com/jobs/6241765
6241764,글로벌,2026-07-20 01:20:09,2026-07-16,퍼솔코리아,[글로벌 명품 브랜드/부천] CS 고객지원 채용,,경기 부천,인턴.신입,,08.15,https://www.peoplenjob.com/jobs/6241764
6241763,글로벌,2026-07-20 01:20:09,2026-07-16,퍼솔코리아,[글로벌 유명 스킨케어 기업/강남] Sales AMD 채용,,서울 강남,인턴.신입,,채용시,https://www.peoplenjob.com/jobs/6241763
6241743,글로벌,2026-07-20 01:20:09,2026-07-16,퍼솔코리아,[역삼/글로벌기업] Project Coordinator (RCMS 경력),,서울 / 서울 강남 / 경기,인턴.신입 / 사원,,채용시,https://www.peoplenjob.com/jobs/6241743
6241761,글로벌,2026-07-20 01:20:09,2026-07-16,퍼솔코리아,[글로벌 유명 스킨케어 기업/강남] 글로벌 에듀 콘텐츠 제작 Admin,,서울 강남,인턴.신입,,채용시,https://www.peoplenjob.com/jobs/6241761
6241469,글로벌,2026-07-20 01:20:09,2026-07-15,더파운더즈,[더파운더즈] HRM Operations 매니저,,서울 강남,인턴.신입 / 사원,,채용시,https://www.peoplenjob.com/jobs/6241469
6241463,글로벌,2026-07-20 01:20:09,2026-07-15,맨파워써치앤컨설팅,[외국계/업계 1위] 진단기기 영업-대전/정규직,,대전 / 세종 / 충북,인턴.신입 / 사원,,08.14,https://www.peoplenjob.com/jobs/6241463
6241462,글로벌,2026-07-20 01:20:09,2026-07-15,맨파워써치앤컨설팅,[외국계/업계 1위] 진단기기 영업-대전/정규직,,대전 / 세종 / 충북,인턴.신입 / 사원,,08.14,https://www.peoplenjob.com/jobs/6241462
6241156,글로벌,2026-07-20 01:20:09,2026-07-15,퍼솔코리아,[글로벌 해운사]Customer Cargo Coordination Specialist(중국국적),,서울,인턴.신입,,채용시,https://www.peoplenjob.com/jobs/6241156
6241079,글로벌,2026-07-20 01:20:09,2026-07-15,파인드뉴로드컨설팅,글로벌 Watch & Jewerly / CS Specialist,,서울,인턴.신입 / 사원 / 대리.과장,,채용시,https://www.peoplenjob.com/jobs/6241079
6241398,글로벌,2026-07-20 01:20:09,2026-07-15,(주)맨파워그룹코리아,[삼성] 글로벌 반도체 장비재료협회 ‘S’사 Exhibitor Operations (6M),,서울 / 서울 강남,인턴.신입 / 사원,,08.14,https://www.peoplenjob.com/jobs/6241398
6241137,글로벌,2026-07-20 01:20:09,2026-07-15,삼일회계법인,[삼일회계법인] 조직문화 & 변화관리 지원 인턴 채용,,서울 용산구,인턴.신입,,07.24,https://www.peoplenjob.com/jobs/6241137
6240978,글로벌,2026-07-20 01:20:09,2026-07-15,HUMANEST,[BVLGARI] 명품 주얼리&시계 불가리코리아 본사 Merchandising팀 VM Coordinator 채용,,서울 / 서울 강남 / 서울 서초구,인턴.신입 / 사원 / 대리.과장,,채용시,https://www.peoplenjob.com/jobs/6240978
6240951,글로벌,2026-07-20 01:20:09,2026-07-14,맨파워써치앤컨설팅,[미국 현지채용]전력기기 제조- Automation Controls Engineer,,미국 유타,인턴.신입 / 사원,,08.13,https://www.peoplenjob.com/jobs/6240951
6240889,글로벌,2026-07-20 01:20:09,2026-07-14,인터엑스,급여 및 지원사업 운영 담당자,,서울,인턴.신입 / 사원,,채용시,https://www.peoplenjob.com/jobs/6240889
6240781,글로벌,2026-07-20 01:20:09,2026-07-14,Lunit,[Lunit] IR & Governance Intern - 채용 전제형,,서울 강남,인턴.신입 / 사원,,채용시,https://www.peoplenjob.com/jobs/6240781
6240677,글로벌,2026-07-20 01:20:09,2026-07-14,유엘코리아 주식회사,(서울 역삼) Global Market Access 담당자 채용,,서울 강남,인턴.신입 / 사원 / 대리.과장,,채용시,https://www.peoplenjob.com/jobs/6240677
6239712,글로벌,2026-07-20 01:20:09,2026-07-13,GE Healthcare,OTR Order Management Specialist (사원대리급),,서울시 중구,인턴.신입 / 사원 / 대리.과장,,채용시,https://www.peoplenjob.com/jobs/6239712
6240057,글로벌,2026-07-20 01:20:09,2026-07-13,Future Electronics,글로벌 반도체 유통회사 영업지원/CS모집,,경기 분당,인턴.신입 / 사원,,채용시,https://www.peoplenjob.com/jobs/6240057
6239554,글로벌,2026-07-20 01:20:09,2026-07-13,(주)맨파워그룹코리아,[여의도] 글로벌 신용평가사 ‘M’사 Project Research Analyst (3M),,서울 / 서울 영등포구 / 경기,인턴.신입,,08.12,https://www.peoplenjob.com/jobs/6239554
6239448,글로벌,2026-07-20 01:20:09,2026-07-13,(주)맨파워그룹코리아,[대전/18M] 글로벌 제약사 Medical Representative,,서울 / 대전,인턴.신입 / 사원 / 대리.과장,,08.12,https://www.peoplenjob.com/jobs/6239448
6238872,글로벌,2026-07-20 01:20:09,2026-07-11,(주)비온에이치알,[자동차 부품사] 멕시코법인 품질/개발관리 (현채인),,멕시코 (몬테레이),인턴.신입 / 사원 / 대리.과장,,07.20,https://www.peoplenjob.com/jobs/6238872
6238849,글로벌,2026-07-20 01:20:09,2026-07-11,헌터파트너스,A&R Specialist 채용 - 글로벌 엔터 플랫폼기업,,서울,인턴.신입 / 사원 / 대리.과장,,07.20,https://www.peoplenjob.com/jobs/6238849
6238532,글로벌,2026-07-20 01:20:09,2026-07-10,맨파워코리아,U [야탑/판교역] 글로벌 반도체기업 비서/HR (1Y),,판교역 / 야탑역,인턴.신입 / 사원,,채용시,https://www.peoplenjob.com/jobs/6238532
6238218,글로벌,2026-07-20 01:20:09,2026-07-10,DOGU ROBOTICS,글로벌 로봇 필드 엔지니어 (Robotics Deployment Engineer),,서울 가산,인턴.신입,,08.09,https://www.peoplenjob.com/jobs/6238218
6238138,글로벌,2026-07-20 01:20:09,2026-07-10,에프피티소프트웨어코리아,U [FPT Korea / 글로벌 외국계] Legal Executive,,서울 여의도,인턴.신입 / 사원,,채용시,https://www.peoplenjob.com/jobs/6238138
6238314,글로벌,2026-07-20 01:20:09,2026-07-10,Tridge,B2B 영업 파트타임 (인센티브 지급),,서울 서초구,인턴.신입 / 사원 / 대리.과장,,08.09,https://www.peoplenjob.com/jobs/6238314
6238189,글로벌,2026-07-20 01:20:09,2026-07-10,(주)맨파워그룹코리아,U [서울역] 글로벌 에너지솔루션기업 총무 채용 (1Y/복지우수),,서울 / 서울 중구,인턴.신입 / 사원 / 대리.과장,,채용시,https://www.peoplenjob.com/jobs/6238189
6237809,글로벌,2026-07-20 01:20:09,2026-07-09,STRYKER KOREA,U Stryker Korea Internship – Sales & Marketing Rotation Program (3 Months) | MedSurg & Mako (2 Openings),,서울,인턴.신입,,08.08,https://www.peoplenjob.com/jobs/6237809
6237804,글로벌,2026-07-20 01:20:09,2026-07-09,더파운더즈,[ANUA] 글로벌 키어카운트 매니저 (Sephora/Ulta),,서울 강남,인턴.신입,,채용시,https://www.peoplenjob.com/jobs/6237804
6237456,글로벌,2026-07-20 01:20:09,2026-07-09,트리니티씨앤티,글로벌 럭셔리 패션 브랜드의 Senior Accountant 포지션,,서울 강남,인턴.신입 / 사원 / 대리.과장,,채용시,https://www.peoplenjob.com/jobs/6237456
6237305,글로벌,2026-07-20 01:20:09,2026-07-09,파인드뉴로드컨설팅,글로벌 식품 기업 Key Account Executive (정규직),,서울,인턴.신입 / 사원 / 대리.과장,,채용시,https://www.peoplenjob.com/jobs/6237305
6237014,글로벌,2026-07-20 01:20:09,2026-07-08,아데코코리아,[글로벌럭셔리패션/청담역] MD 인턴 (3개월),,서울 / 서울 강남,인턴.신입,,08.07,https://www.peoplenjob.com/jobs/6237014
6236795,글로벌,2026-07-20 01:20:09,2026-07-08,(주)맨파워그룹코리아,[송도] 미국 명문 주립대학교 EA (행정 코디네이터) (1Y),,인천 / 인천 송도 국제 도시,인턴.신입 / 사원,,채용시,https://www.peoplenjob.com/jobs/6236795
6236794,글로벌,2026-07-20 01:20:09,2026-07-08,(주)맨파워그룹코리아,[광화문/재택병행] 글로벌 엔지니어링 기업 ‘I사’ Order Management Support (1Y/연장가능),,서울 / 서울 영등포구,인턴.신입,,08.07,https://www.peoplenjob.com/jobs/6236794
6236790,글로벌,2026-07-20 01:20:09,2026-07-08,(주)맨파워그룹코리아,[여의도] 글로벌 CRM IT 기업 ‘S사’ 온보딩 및 교육 운영 담당자 (1Y),,서울 / 경기 / 인천,인턴.신입 / 사원 / 대리.과장,,08.07,https://www.peoplenjob.com/jobs/6236790
6236789,글로벌,2026-07-20 01:20:09,2026-07-08,(주)맨파워그룹코리아,[판교] 글로벌 IT 기업 ‘K사’ Optical Engineer (Imaging System),,경기 / 경기 성남 / 경기 판교,인턴.신입 / 사원 / 대리.과장,,08.07,https://www.peoplenjob.com/jobs/6236789
6236710,글로벌,2026-07-20 01:20:09,2026-07-08,파인드뉴로드컨설팅,글로벌 패션 브랜드 / HR 담당자,,서울,인턴.신입 / 사원 / 대리.과장,,채용시,https://www.peoplenjob.com/jobs/6236710
6236127,글로벌,2026-07-20 01:20:09,2026-07-07,퍼솔코리아,[글로벌 명품 브랜드/부천] CS 고객지원 채용,,경기 부천,인턴.신입,,채용시,https://www.peoplenjob.com/jobs/6236127
6236322,글로벌,2026-07-20 01:20:09,2026-07-07,(주)맨파워그룹코리아,[선릉역] 글로벌 헬스케어 기업 Supply Chain Manager 채용 (1Y),,서울 / 서울 강남,인턴.신입,,08.06,https://www.peoplenjob.com/jobs/6236322
6236260,글로벌,2026-07-20 01:20:09,2026-07-07,아데코코리아,[세계적인 테스트 및 측정 솔루션 기업] Optical Engineer(Imaging System) 채용,,경기 / 경기 성남 / 경기 분당,인턴.신입 / 사원 / 대리.과장,,채용시,https://www.peoplenjob.com/jobs/6236260
6236258,글로벌,2026-07-20 01:20:09,2026-07-07,아데코코리아,[세계적인 테스트 및 측정 솔루션 기업] Optical Engineer(Illumination) 채용,,경기 / 경기 성남 / 경기 분당,인턴.신입 / 사원 / 대리.과장,,채용시,https://www.peoplenjob.com/jobs/6236258
6236126,글로벌,2026-07-20 01:20:09,2026-07-07,퍼솔코리아,[글로벌 명품 브랜드/부천] 물류관리 Professional 채용,,경기 부천,인턴.신입 / 사원,,채용시,https://www.peoplenjob.com/jobs/6236126
6235506,글로벌,2026-07-20 01:20:09,2026-07-06,MEMEBOX(미미박스),글로벌 SNS 콘텐츠 마케터 (인턴),,서울 강남,인턴.신입,,채용시,https://www.peoplenjob.com/jobs/6235506
6235349,글로벌,2026-07-20 01:20:09,2026-07-06,포맨컨설팅,[글로벌 F&B] Account Manager (사원~대리),,서울 강남,인턴.신입 / 사원 / 대리.과장,,채용시,https://www.peoplenjob.com/jobs/6235349
6235522,글로벌,2026-07-20 01:20:09,2026-07-06,더파운더즈,[ANUA] 글로벌 화장품 인허가 RA(Regulatory Affairs) 단기 인턴,,서울 / 서울 강남,인턴.신입,,채용시,https://www.peoplenjob.com/jobs/6235522
6235235,글로벌,2026-07-20 01:20:09,2026-07-06,Atlas Copco Korea,[씨피툴스코리아] 필드 서비스 엔지니어 인턴십 12개월 (광주),,광주광역시,인턴.신입,,채용시,https://www.peoplenjob.com/jobs/6235235
6235232,글로벌,2026-07-20 01:20:09,2026-07-06,Atlas Copco Korea,[씨피툴스코리아] 필드 서비스 엔지니어 인턴십 12개월(안양),,경기 안양,인턴.신입,,채용시,https://www.peoplenjob.com/jobs/6235232
6234805,글로벌,2026-07-20 01:20:09,2026-07-05,인써어치컨설팅,[글로벌기업] Jr. Accountant,,서울,인턴.신입 / 사원,,08.04,https://www.peoplenjob.com/jobs/6234805
6234786,글로벌,2026-07-20 01:20:09,2026-07-05,크레돈컨설팅,Accounts Payable Specialist(AP Specialist) - 외국계 기업,,서울 강남,인턴.신입 / 사원,,채용시,https://www.peoplenjob.com/jobs/6234786
6234020,글로벌,2026-07-20 01:20:09,2026-07-03,(주)맨파워그룹코리아,U [삼성역/1Y] 외국계 유명 제약회사 RD Admin,,삼성역,인턴.신입,,08.02,https://www.peoplenjob.com/jobs/6234020
6233680,글로벌,2026-07-20 01:20:09,2026-07-03,UPS KOREA,Account Executive,,서울,인턴.신입,,채용시,https://www.peoplenjob.com/jobs/6233680
6233649,글로벌,2026-07-20 01:20:09,2026-07-03,(주)맨파워그룹코리아,U [시청역/1Y] 글로벌 생명보험사 클라우드&인프라팀,,시청역,인턴.신입 / 사원,,08.02,https://www.peoplenjob.com/jobs/6233649
6233451,글로벌,2026-07-20 01:20:09,2026-07-03,(주)맨파워그룹코리아,[판교] 글로벌 IT 기업 ‘K사’ Optical Engineer (Illumination),,서울 / 경기 / 경기 판교,인턴.신입 / 사원 / 대리.과장,,채용시,https://www.peoplenjob.com/jobs/6233451
6233948,글로벌,2026-07-20 01:20:09,2026-07-03,Enhans,[인핸스] Data Solutions Manager,,서울 / 서울 서초구,인턴.신입 / 사원,,08.03,https://www.peoplenjob.com/jobs/6233948
6233711,글로벌,2026-07-20 01:20:09,2026-07-03,SOMEBYMI,[SOMEBYMI] Global MD (Shopee & TikTok Shop),,서울 / 서울 강남,인턴.신입 / 사원 / 대리.과장,,채용시,https://www.peoplenjob.com/jobs/6233711
6233360,글로벌,2026-07-20 01:20:09,2026-07-02,Shukran Korea Inc.,인허가담당자(RA),,서울 강남,인턴.신입 / 사원,,채용시,https://www.peoplenjob.com/jobs/6233360
6233187,글로벌,2026-07-20 01:20:09,2026-07-02,Robert Walters Korea,[리테일/총무] General Affairs Specialist (Contract),,서울,인턴.신입 / 사원,,채용시,https://www.peoplenjob.com/jobs/6233187
6233285,글로벌,2026-07-20 01:20:09,2026-07-02,맨파워써치앤컨설팅,[외국계/업계 1위] 진단기기 영업-서울/정규직,,대전 / 세종 / 충북,인턴.신입 / 사원,,08.01,https://www.peoplenjob.com/jobs/6233285
6233275,글로벌,2026-07-20 01:20:09,2026-07-02,(주)맨파워그룹코리아,[여의도]글로벌 펫푸드기업 Logistics coordinator(1Y/반려동물),,서울 여의도 / 서울 영등포구,인턴.신입 / 사원,,08.01,https://www.peoplenjob.com/jobs/6233275
6232838,글로벌,2026-07-20 01:20:09,2026-07-02,아데코코리아,[글로벌기업/시청역/영어] 한국화웨이기술 운전직 채용,,서울 / 서울 중구 / 경기,인턴.신입 / 사원 / 대리.과장,,채용시,https://www.peoplenjob.com/jobs/6232838
6232577,글로벌,2026-07-20 01:20:09,2026-07-01,(주)맨파워그룹코리아,[영어가능자/주2회재택] 판교 화학 기업 영업지원 채용,,서울 / 경기 / 경기 판교,인턴.신입 / 사원,,채용시,https://www.peoplenjob.com/jobs/6232577
6232358,글로벌,2026-07-20 01:20:09,2026-07-01,(주)맨파워그룹코리아,[광화문역] 유명 코스메틱 브랜드 L사 Retail Performance Admin,,서울 강북 / 서울 종로구,인턴.신입,,07.31,https://www.peoplenjob.com/jobs/6232358
6231793,글로벌,2026-07-20 01:20:09,2026-06-30,아데코코리아,[경기 화성/글로벌반도체장비] Sales operation 채용,,경기 / 경기 수원 / 경기 화성,인턴.신입 / 사원,,채용시,https://www.peoplenjob.com/jobs/6231793
6231770,글로벌,2026-07-20 01:20:09,2026-06-30,dentsu,[외국계광고] dentsu그룹 정규직 전환형 HR 인턴 채용,,서울 / 서울 강남,인턴.신입,,07.30,https://www.peoplenjob.com/jobs/6231770
6231426,글로벌,2026-07-20 01:20:09,2026-06-30,"United Imaging Healthcare Korea Co., Ltd.",경영지원 및 글로벌 오퍼레이션(GA/OP/Finance) 주니어 채용,,서울 서초구,인턴.신입,,07.30,https://www.peoplenjob.com/jobs/6231426
6231097,글로벌,2026-07-20 01:20:09,2026-06-29,(주)맨파워그룹코리아,U [삼성역/1Y] 외국계 유명 제약회사 Oncology Business Unit Admin,,삼성역,인턴.신입,,07.29,https://www.peoplenjob.com/jobs/6231097
6230879,글로벌,2026-07-20 01:20:09,2026-06-29,아데코코리아,"[글로벌/의료기기] Clinical Application Specialist, Medical Physics",,서울 / 서울 강남,인턴.신입 / 사원,,07.29,https://www.peoplenjob.com/jobs/6230879
6230727,글로벌,2026-07-20 01:20:09,2026-06-29,Global Freight Services Korea Ltd,포워딩 사무직원[정규직],,서울 강남,인턴.신입 / 사원,,07.29,https://www.peoplenjob.com/jobs/6230727
6230614,글로벌,2026-07-20 01:20:09,2026-06-29,퍼솔코리아,U [삼성역/외국계] General Affairs (총무직) 채용,,서울 / 서울 강남,인턴.신입 / 사원,,07.29,https://www.peoplenjob.com/jobs/6230614
6230578,글로벌,2026-07-20 01:20:09,2026-06-29,(주)맨파워그룹코리아,[광화문] 독일계 산업기술 기업 HR Assist (1년),,서울 / 서울 종로구,인턴.신입 / 사원,,채용시,https://www.peoplenjob.com/jobs/6230578
6230482,글로벌,2026-07-20 01:20:09,2026-06-29,Wuerth Korea Ltd.,[한국뷔르트] 하이브리드 영업 담당자 모집 (전화+고객방문),,경기 용인 수지,인턴.신입 / 사원 / 대리.과장,,07.29,https://www.peoplenjob.com/jobs/6230482
6230844,글로벌,2026-07-20 01:20:09,2026-06-29,아데코코리아,[일본계 종합상사] 경영지원본부 재경심사팀 사무직 채용,,서울 / 서울 종로구 / 경기,인턴.신입 / 사원,,채용시,https://www.peoplenjob.com/jobs/6230844
6230581,글로벌,2026-07-20 01:20:09,2026-06-29,(주)맨파워그룹코리아,[서울역/재택병행] 유명제약사 한국릴리 QA 채용,,서울 / 서울 중구,인턴.신입 / 사원,,채용시,https://www.peoplenjob.com/jobs/6230581
6230282,글로벌,2026-07-20 01:20:09,2026-06-28,UPS KOREA,U Account Executive,,서울,인턴.신입 / 사원 / 대리.과장,,채용시,https://www.peoplenjob.com/jobs/6230282
6230233,글로벌,2026-07-20 01:20:09,2026-06-28,(주)맨파워그룹코리아,[SAP Korea] Training Operations/Customer Support Specialist (12M),,서울 / 역삼역,인턴.신입 / 사원,,07.28,https://www.peoplenjob.com/jobs/6230233
6229445,글로벌,2026-07-20 01:20:09,2026-06-26,(주)커리어앤스카우트,글로벌 헬스케어사 project Coordinator 채용,,경기,인턴.신입 / 사원,,채용시,https://www.peoplenjob.com/jobs/6229445
6229033,글로벌,2026-07-20 01:20:09,2026-06-26,동호HR,[여의도/외국계코스메틱] 브랜드이노베이션팀(상품기획BM) 채용,,서울 여의도 / 서울 영등포구,인턴.신입 / 사원,,채용시,https://www.peoplenjob.com/jobs/6229033
6228334,글로벌,2026-07-20 01:20:09,2026-06-25,(주)맨파워그룹코리아,[선릉역/글로벌 핀테크] Alipay+ Operation Support,,서울 / 서울 강남,인턴.신입,,07.25,https://www.peoplenjob.com/jobs/6228334
6228613,글로벌,2026-07-20 01:20:09,2026-06-25,비디피로지스틱스코리아,U 해상수출 포워더 채용 (1년~10년),,서울 마포구,인턴.신입 / 사원 / 대리.과장,,07.31,https://www.peoplenjob.com/jobs/6228613
6227430,글로벌,2026-07-20 01:20:09,2026-06-24,(주)맨파워그룹코리아,[을지로/여름특별휴가/일7.5근무] 유명 일본 종합상사 영업지원 채용,,서울 / 서울 중구,인턴.신입 / 사원 / 대리.과장,,채용시,https://www.peoplenjob.com/jobs/6227430
6227123,글로벌,2026-07-20 01:20:09,2026-06-23,아이헤이트플라잉버그스,글로벌 플랫폼 개발 및 운영/기획 담당자 (엘살바도르 주재),,엘살바도르 산살바도르,인턴.신입 / 사원,,채용시,https://www.peoplenjob.com/jobs/6227123
6227116,글로벌,2026-07-20 01:20:09,2026-06-23,아이헤이트플라잉버그스,글로벌 플랫폼 운영/기획 담당자 (엘살바도르 주재),,엘살바도르 산살바도르,인턴.신입 / 사원,,채용시,https://www.peoplenjob.com/jobs/6227116
6227051,글로벌,2026-07-20 01:20:09,2026-06-23,맨파워코리아,U [을지로입구역] 글로벌 보험중개사 계리평가 인턴 (3M),,서울 중구 / 을지로입구역,인턴.신입,,채용시,https://www.peoplenjob.com/jobs/6227051
6227007,글로벌,2026-07-20 01:20:09,2026-06-23,(주)맨파워그룹코리아,[삼성역/1Y] 외국계 유명 제약회사 Clinical Study Administrator,,삼성역,인턴.신입,,07.23,https://www.peoplenjob.com/jobs/6227007
6226728,글로벌,2026-07-20 01:20:09,2026-06-23,(주)맨파워그룹코리아,U [송도/6M] 외국계 제약사 Quality System Specialist,,송도,인턴.신입,,07.23,https://www.peoplenjob.com/jobs/6226728
6226675,글로벌,2026-07-20 01:20:09,2026-06-23,쿠시먼앤드웨이크필드코리아,Facility Coordinator (Client Site),,서울 / 서울 종로구,인턴.신입 / 사원,,07.23,https://www.peoplenjob.com/jobs/6226675
6226656,글로벌,2026-07-20 01:20:09,2026-06-23,bluepietech,"고객지원(CS) 및 운영 담당자 채용(힌디어, 한국어 가능자)",,서울 강남,인턴.신입,,채용시,https://www.peoplenjob.com/jobs/6226656
6226655,글로벌,2026-07-20 01:20:09,2026-06-23,bluepietech,"고객지원(CS) 및 운영 담당자 채용 (중국어, 한국어 가능자)",,서울 강남,인턴.신입,,채용시,https://www.peoplenjob.com/jobs/6226655
6226225,글로벌,2026-07-20 01:20:09,2026-06-22,아데코코리아,[주재원/광학] Field Application Engineer,,경기 판교 / 베트남,인턴.신입 / 사원 / 대리.과장,,채용시,https://www.peoplenjob.com/jobs/6226225
6224781,글로벌,2026-07-20 01:20:09,2026-06-19,더파운더즈,[ANUA] 뷰티 화장품 브랜드 홍콩/대만 자사몰 MD,,서울 강남,인턴.신입,,채용시,https://www.peoplenjob.com/jobs/6224781
6224859,글로벌,2026-07-20 01:20:09,2026-06-19,아데코코리아,[글로벌 프로젝트] 자율주행차 테스트 드라이버 다수 채용,,경기 / 경기 성남 / 경기 분당,인턴.신입 / 사원 / 대리.과장,,채용시,https://www.peoplenjob.com/jobs/6224859
6243894,marketing,2026-07-20 01:20:09,2026-07-20,잡앤피플코리아,[명동/3천 후반~4천 초중반]BMW코리아(주) Sales Operations Specialist(Aftersales),,서울 / 경기 / 중구,인턴.신입 / 사원,,08.19,https://www.peoplenjob.com/jobs/6243894
6243831,marketing,2026-07-20 01:20:09,2026-07-20,엘코잉크,U [Estee Lauder Companies] Sales and Education Executive,,서울 / 강남 / 강남역,인턴.신입 / 사원,,채용시,https://www.peoplenjob.com/jobs/6243831
6243803,marketing,2026-07-20 01:20:09,2026-07-20,베스트네트워크(주),46. Marketing & PR Specialist [외국계 럭셔리 패션],,서울 강남,인턴.신입 / 사원,,채용시,https://www.peoplenjob.com/jobs/6243803
6243773,marketing,2026-07-20 01:20:09,2026-07-20,에르베메디칼코리아,Sales Representative (의료기기영업_사원급),,서울 강남,인턴.신입 / 사원,,채용시,https://www.peoplenjob.com/jobs/6243773
6243560,marketing,2026-07-20 01:20:09,2026-07-19,베스트네트워크(주),46. Marketing & PR Specialist [외국계 럭셔리 패션],,서울 강남,인턴.신입 / 사원,,07.23,https://www.peoplenjob.com/jobs/6243560
6243265,marketing,2026-07-20 01:20:09,2026-07-18,베스트네트워크(주),46. Marketing & PR Specialist [외국계 럭셔리 패션],,서울 강남,인턴.신입 / 사원,,07.22,https://www.peoplenjob.com/jobs/6243265
6242859,marketing,2026-07-20 01:20:09,2026-07-17,베스트네트워크(주),46. Marketing & PR Specialist [외국계 럭셔리 패션],,서울 강남,인턴.신입 / 사원,,07.21,https://www.peoplenjob.com/jobs/6242859
6242135,marketing,2026-07-20 01:20:09,2026-07-16,(주)코어피플,"(Sales 사원, 외국계오일기업)",,서울,인턴.신입 / 사원,,08.15,https://www.peoplenjob.com/jobs/6242135
6242134,marketing,2026-07-20 01:20:09,2026-07-16,(주)코어피플,"(Sales 사원, 외국계오일기업)",,서울,인턴.신입 / 사원,,08.15,https://www.peoplenjob.com/jobs/6242134
6242021,marketing,2026-07-20 01:20:09,2026-07-16,Boston Consulting Group,Marketing & Communications Intern (1 Year),,서울 중구,인턴.신입,,채용시,https://www.peoplenjob.com/jobs/6242021
6241739,marketing,2026-07-20 01:20:09,2026-07-16,베스트네트워크(주),46. Marketing & PR Specialist [외국계 럭셔리 패션],,서울 강남,인턴.신입 / 사원,,07.20,https://www.peoplenjob.com/jobs/6241739
6241583,marketing,2026-07-20 01:20:09,2026-07-15,주식회사 데카트론코리아,[데카트론 코리아] Brand Marketing Specialist - Sports Category Vertical,,서울 서초구,인턴.신입 / 사원,,08.14,https://www.peoplenjob.com/jobs/6241583
6240713,marketing,2026-07-20 01:20:09,2026-07-14,Boston Scientific Korea,"[보스톤사이언티픽코리아] Sales Intern, CRM (Seoul)",,서울,인턴.신입,,채용시,https://www.peoplenjob.com/jobs/6240713
6240331,marketing,2026-07-20 01:20:09,2026-07-14,(주)맨파워그룹코리아,U [신용산/ASAP] GSK Korea - Marketing Intern,,신용산,인턴.신입,,채용시,https://www.peoplenjob.com/jobs/6240331
6239934,marketing,2026-07-20 01:20:09,2026-07-13,(주)코어피플,"(Sales 사원, 외국계오일기업)",,서울,인턴.신입 / 사원,,08.12,https://www.peoplenjob.com/jobs/6239934
6239933,marketing,2026-07-20 01:20:09,2026-07-13,(주)코어피플,"(Sales 사원, 외국계오일기업)",,서울,인턴.신입 / 사원,,08.12,https://www.peoplenjob.com/jobs/6239933
6239671,marketing,2026-07-20 01:20:09,2026-07-13,(주)룩소티카코리아,Training Intern (Leonardo Intern),,서울 / 서울 강남,인턴.신입 / 사원,,채용시,https://www.peoplenjob.com/jobs/6239671
6239506,marketing,2026-07-20 01:20:09,2026-07-13,"Zimmer Biomet Korea, Ltd.",[짐머바이오메트코리아] 의료기기 영업 (Knee) 채용,,서울 용산구,인턴.신입 / 사원 / 대리.과장,,채용시,https://www.peoplenjob.com/jobs/6239506
6238596,marketing,2026-07-20 01:20:09,2026-07-10,CASETiFY,[CASETiFY] Marketing Intern (6 Months; Based in Korea),,서울 강남,인턴.신입,,08.09,https://www.peoplenjob.com/jobs/6238596
6237716,marketing,2026-07-20 01:20:09,2026-07-09,Boston Scientific Korea,"[보스톤사이언티픽코리아] Sales Intern, EP (Seoul)",,서울 강남,인턴.신입,,채용시,https://www.peoplenjob.com/jobs/6237716
6237714,marketing,2026-07-20 01:20:09,2026-07-09,Boston Scientific Korea,"[보스톤사이언티픽코리아] Sales Intern, EP",,대구 / 부산,인턴.신입,,채용시,https://www.peoplenjob.com/jobs/6237714
6237047,marketing,2026-07-20 01:20:09,2026-07-08,베스트네트워크(주),05. Marketing & PR Specialist [luxury/retail],,서울,인턴.신입 / 사원,,08.07,https://www.peoplenjob.com/jobs/6237047
6237015,marketing,2026-07-20 01:20:09,2026-07-08,NOVA,HR Generalist (5 months - Fixed Term Contractor),,경기 화성,인턴.신입 / 사원,,08.07,https://www.peoplenjob.com/jobs/6237015
6234795,marketing,2026-07-20 01:20:09,2026-07-05,존슨앤드존슨,[존슨앤드존슨 메드테크] Commercial Coordinator - Heart Recovery,,서울 용산구,인턴.신입 / 사원,,채용시,https://www.peoplenjob.com/jobs/6234795
6234620,marketing,2026-07-20 01:20:09,2026-07-05,베스트네트워크(주),05. Marketing & PR Specialist [luxury/retail],,서울,인턴.신입 / 사원,,08.04,https://www.peoplenjob.com/jobs/6234620
6233214,marketing,2026-07-20 01:20:09,2026-07-02,Hitachi Energy Korea,Sales Support Specialist,,서울 강남,인턴.신입 / 사원,,07.31,https://www.peoplenjob.com/jobs/6233214
6232987,marketing,2026-07-20 01:20:09,2026-07-02,MUFG 은행,U [MUFG Bank Seoul Branch] Global Markets Intern - Global Corp. Sales,,서울 중구,인턴.신입,,채용시,https://www.peoplenjob.com/jobs/6232987
6231438,marketing,2026-07-20 01:20:09,2026-06-30,(주)유니코써치,Marketing & PR Specialist / Retail 업종,,서울,인턴.신입 / 사원,,07.30,https://www.peoplenjob.com/jobs/6231438
6230130,marketing,2026-07-20 01:20:09,2026-06-28,베스트네트워크(주),05. Marketing & PR Specialist [luxury/retail],,서울,인턴.신입 / 사원,,채용시,https://www.peoplenjob.com/jobs/6230130
6229387,marketing,2026-07-20 01:20:09,2026-06-26,AB180,[AB180] Global Technical Support Manager,,서울 강남,인턴.신입,,채용시,https://www.peoplenjob.com/jobs/6229387
6229099,marketing,2026-07-20 01:20:09,2026-06-26,잡앤피플코리아,[명동/6개월 단기] BMW코리아(주) CRM Project Support,,서울 / 서울 중구,인턴.신입 / 사원,,07.26,https://www.peoplenjob.com/jobs/6229099
6227665,marketing,2026-07-20 01:20:09,2026-06-24,노보진코리아,[Novogene Korea] Account Manager,,서울,인턴.신입 / 사원 / 대리.과장,,채용시,https://www.peoplenjob.com/jobs/6227665
6226763,marketing,2026-07-20 01:20:09,2026-06-23,프로메가코리아,[Promega Korea] Customer Service(12 months contract) / Customer Service,,서울 강서구,인턴.신입 / 사원,,07.23,https://www.peoplenjob.com/jobs/6226763
6227038,marketing,2026-07-20 01:20:09,2026-06-23,HRagent,[외국계] 스포츠 캐주얼 브랜드 / VMD Specialist,,서울 여의도,인턴.신입 / 사원 / 대리.과장,,07.23,https://www.peoplenjob.com/jobs/6227038
6225934,marketing,2026-07-20 01:20:09,2026-06-22,Henkel,Consumer (Professional) Graduate Development Program 1year Intern - Trade Marketing,,서울 강남,인턴.신입,,채용시,https://www.peoplenjob.com/jobs/6225934
6226132,marketing,2026-07-20 01:20:09,2026-06-22,알리안츠 트레이드,U [외국계보험] Commercial Admin,,서울 중구,인턴.신입 / 사원,,채용시,https://www.peoplenjob.com/jobs/6226132
6224533,marketing,2026-07-20 01:20:09,2026-06-19,Electrolux Korea Ltd.,Product Line Associate (Entry Level - 6 months),,서울 중구 / 서울 종로구,인턴.신입 / 사원,,채용시,https://www.peoplenjob.com/jobs/6224533
6242054,MD,2026-07-20 01:20:09,2026-07-16,퍼솔코리아,[외국계] E-commerce Admin,,서울 / 서울 강남,인턴.신입,,08.15,https://www.peoplenjob.com/jobs/6242054
6241949,MD,2026-07-20 01:20:09,2026-07-16,셀린느코리아,[Celine Korea] MD Intern,,서울,인턴.신입,,채용시,https://www.peoplenjob.com/jobs/6241949
6241901,MD,2026-07-20 01:20:09,2026-07-16,아데코코리아,가산디지털/면세MD 정규직 (영어/7.5시간근무),,서울 / 서울 금천구,인턴.신입 / 사원,,07.30,https://www.peoplenjob.com/jobs/6241901
6241736,MD,2026-07-20 01:20:09,2026-07-16,(주)HR컨설팅그룹,(바이오 벤처기업) 의료기기 RA (사원 - 대리급),,서울 강남,인턴.신입 / 사원,,08.15,https://www.peoplenjob.com/jobs/6241736
6241006,MD,2026-07-20 01:20:09,2026-07-15,(주)HR컨설팅그룹,(바이오 벤처기업) 의료기기 RA (사원 - 대리급),,서울 강남,인턴.신입 / 사원,,08.14,https://www.peoplenjob.com/jobs/6241006
6240021,MD,2026-07-20 01:20:09,2026-07-13,AB180,[AB180] Endpoint Security Engineer (Junior),,서울 강남,인턴.신입,,채용시,https://www.peoplenjob.com/jobs/6240021
6238816,MD,2026-07-20 01:20:09,2026-07-11,(주)HR컨설팅그룹,(바이오 벤처기업) 의료기기 QA (사원 - 대리급),,서울 강남,인턴.신입 / 사원,,08.10,https://www.peoplenjob.com/jobs/6238816
6238620,MD,2026-07-20 01:20:09,2026-07-10,에이치알원컨설팅,대만 온라인 MD 경험자-국내 이너뷰티 성장기업,,서울,인턴.신입 / 사원,,채용시,https://www.peoplenjob.com/jobs/6238620
6238515,MD,2026-07-20 01:20:09,2026-07-10,TÜV SÜD Korea,CBTL LAB Test Engineer,,서울 구로구,인턴.신입 / 사원,,08.09,https://www.peoplenjob.com/jobs/6238515
6238443,MD,2026-07-20 01:20:09,2026-07-10,퍼솔코리아,U [Sales admin] 외국계 Retatil 기업,,서울 / 서울 강남,인턴.신입 / 사원,,08.09,https://www.peoplenjob.com/jobs/6238443
6235416,MD,2026-07-20 01:20:09,2026-07-06,International Vaccine Institute(IVI),[국제백신연구소] Post-Doctoral Fellow (Molecular Immunology Department),,서울,인턴.신입,,채용시,https://www.peoplenjob.com/jobs/6235416
6232184,MD,2026-07-20 01:20:09,2026-07-01,Third Bridge,"Associate, Client Service",,서울,인턴.신입 / 사원,,07.31,https://www.peoplenjob.com/jobs/6232184
6232183,MD,2026-07-20 01:20:09,2026-07-01,Third Bridge,"Associate Intern, Client Service",,서울,인턴.신입,,07.31,https://www.peoplenjob.com/jobs/6232183
6232182,MD,2026-07-20 01:20:09,2026-07-01,Third Bridge,"Associate, Client Service_Japanese Speaker",,서울 / 서울 종로구,인턴.신입 / 사원,,07.31,https://www.peoplenjob.com/jobs/6232182
6241766,브랜드,2026-07-20 01:20:09,2026-07-16,퍼솔코리아,[외국계 럭셔리 기업/신논현] HR Coordinator 채용 (6개월/단기),,서울 / 서울 강남,인턴.신입,,08.15,https://www.peoplenjob.com/jobs/6241766
6241585,브랜드,2026-07-20 01:20:09,2026-07-15,주식회사 데카트론코리아,[데카트론코리아] 스포츠리더 채용 - 매장 운영/관리,,서울 / 경기도 / 지역 내 1개 스토어 선택,인턴.신입,,08.14,https://www.peoplenjob.com/jobs/6241585
6241557,브랜드,2026-07-20 01:20:09,2026-07-15,HUMANEST,[Christian Dior] 명품 크리스챤디올꾸뛰르코리아 본사 CS사원 채용,,서울 / 서울 중구 / 경기,인턴.신입 / 사원,,채용시,https://www.peoplenjob.com/jobs/6241557
6240654,브랜드,2026-07-20 01:20:09,2026-07-14,인핸스파트너스,[고성장 스케일업] 채용 전문가(Recruiter/HR) 채용,,서울,인턴.신입 / 사원 / 대리.과장,,채용시,https://www.peoplenjob.com/jobs/6240654
6239609,브랜드,2026-07-20 01:20:09,2026-07-13,아데코코리아,[명동/BMW Korea] Retail Development Manager 주니어 채용,,서울 / 서울 중구,인턴.신입,,08.12,https://www.peoplenjob.com/jobs/6239609
6236355,브랜드,2026-07-20 01:20:09,2026-07-07,맨파워써치앤컨설팅,[외국계 리테일] Sales Associate,,서울 강남 / 서울 서초구,인턴.신입 / 사원,,08.06,https://www.peoplenjob.com/jobs/6236355
6227539,브랜드,2026-07-20 01:20:09,2026-06-24,그레이스앤파트너스,라이프스타일 전문기업 채널영업지원 담당,,서울 / 서울 강남 / 경기,인턴.신입 / 사원,,07.24,https://www.peoplenjob.com/jobs/6227539
6226961,브랜드,2026-07-20 01:20:09,2026-06-23,토즈코리아,[토즈그룹코리아] 이탈리안 럭셔리 브랜드 Ecommerce Intern 채용,,서울 강남,인턴.신입,,채용시,https://www.peoplenjob.com/jobs/6226961
6244995,마케팅,2026-07-21 07:23:42,2026-07-21,퍼솔코리아,U [유럽계 리테일사] 마케팅 어시스턴트,,서울 / 서울 강남,인턴.신입 / 사원,,08.20,https://www.peoplenjob.com/jobs/6244995
6244946,마케팅,2026-07-21 07:23:42,2026-07-21,(주)맨파워그룹코리아,[여의도/6M] 글로벌 더마코스메틱   Medical Marketing 인턴,,서울 여의도 / 서울 영등포구,인턴.신입,,08.20,https://www.peoplenjob.com/jobs/6244946
6244783,마케팅,2026-07-21 07:23:42,2026-07-21,(주)키스템프그룹,[판교] 유명패션플랫폼 온라인AMD 채용,,서울 / 경기 / 인천,인턴.신입 / 사원,,07.23,https://www.peoplenjob.com/jobs/6244783
6244770,마케팅,2026-07-21 07:23:42,2026-07-21,맨토스파워,[중견제약그룹] 주사제 마케팅 신입-과장급,,경기 성남,인턴.신입 / 대리.과장 / 팀장.부장,,채용시,https://www.peoplenjob.com/jobs/6244770
6244764,마케팅,2026-07-21 07:23:42,2026-07-21,(주)맨파워그룹코리아,[여의도] 글로벌 CRM IT 기업 ‘S사’ 교육 운영 지원 담당자 (1Y/육휴대체),,서울 / 서울 여의도 / 서울 영등포구,인턴.신입 / 사원,,08.20,https://www.peoplenjob.com/jobs/6244764
6244762,마케팅,2026-07-21 07:23:42,2026-07-21,(주)맨파워그룹코리아,[삼성] 글로벌 제약회사 ‘A사’ 영업지원 (1Y/신입可),,서울 / 서울 강남,인턴.신입 / 사원,,08.20,https://www.peoplenjob.com/jobs/6244762
6244636,마케팅,2026-07-21 07:23:42,2026-07-21,JN커리어,[마케팅에이전시]Global Brand Manager,,서울,인턴.신입 / 사원,,08.20,https://www.peoplenjob.com/jobs/6244636
6244483,마케팅,2026-07-21 07:23:42,2026-07-20,피플렙,케미칼 수출입 전문기업 기획/마케팅,,서울 강남,인턴.신입 / 사원 / 대리.과장,,채용시,https://www.peoplenjob.com/jobs/6244483
6244455,마케팅,2026-07-21 07:23:42,2026-07-20,인핸스파트너스,[고성장 커머스 플랫폼] 광고 운영 Account Manager 채용,,서울,인턴.신입 / 사원 / 대리.과장,,채용시,https://www.peoplenjob.com/jobs/6244455
6244396,마케팅,2026-07-21 07:23:42,2026-07-20,바이어스도르프코리아,[Beiersdorf Korea] 유세린 메디컬 마케팅 인턴 모집,,서울,인턴.신입,,08.19,https://www.peoplenjob.com/jobs/6244396
6244373,마케팅,2026-07-21 07:23:42,2026-07-20,(주)맨파워그룹코리아,[선릉역/6M] 미국계 클라우드 기업 Marketing Associate 채용,,서울 강남,인턴.신입 / 사원,,08.19,https://www.peoplenjob.com/jobs/6244373
6244295,마케팅,2026-07-21 07:23:42,2026-07-20,JN커리어,[마케팅에이전시]Global Brand Manager,,서울,인턴.신입 / 사원,,07.24,https://www.peoplenjob.com/jobs/6244295
6244293,마케팅,2026-07-21 07:23:42,2026-07-20,(주)키스템프그룹,[용산/외국계/소속전환가능] 유명 외국계 제약회사 팀Admin 채용,,서울 / 경기 / 인천,인턴.신입 / 사원,,07.30,https://www.peoplenjob.com/jobs/6244293
6244314,마케팅,2026-07-21 07:23:42,2026-07-20,Callaway Golf Korea,[캘러웨이골프] Sports Marketing Intern,,서울 강남,인턴.신입,,08.19,https://www.peoplenjob.com/jobs/6244314
6242260,마케팅,2026-07-21 07:23:42,2026-07-16,(주)갤리언컨설팅그룹,[코스메틱/화장품/에스테틱] 북미/남미 해외영업(B2B),,서울 강남,인턴.신입 / 사원,,채용시,https://www.peoplenjob.com/jobs/6242260
6237568,마케팅,2026-07-21 07:23:42,2026-07-09,크레돈컨설팅,"온라인채널운영,마케팅, 관리/지원  - 외국계 화장품 회사",,서울 / 강남구,인턴.신입 / 사원,,채용시,https://www.peoplenjob.com/jobs/6237568
6231522,마케팅,2026-07-21 07:23:42,2026-06-30,(주)키스템프그룹,[신용산역/정규직전환] 유명 외국계기업 팀 사무 채용,,서울 / 경기 / 인천,인턴.신입 / 사원,,07.24,https://www.peoplenjob.com/jobs/6231522
6244808,해외영업,2026-07-21 07:23:42,2026-07-21,(주)키스템프그룹,[가산] 유명 외국계 기업 영업지원 채용,,서울 / 경기 / 인천,인턴.신입 / 사원,,07.24,https://www.peoplenjob.com/jobs/6244808
6244488,해외영업,2026-07-21 07:23:42,2026-07-20,피플렙,과학기기전문기업 해외영업(신입가능),,강남,인턴.신입 / 사원 / 대리.과장,,채용시,https://www.peoplenjob.com/jobs/6244488
6245119,신입,2026-07-21 07:23:42,2026-07-21,(주)키스템프그룹,[을지로/사내식당 有] 대기업 유명 보험사 사무직 채용,,서울 / 경기 / 인천,인턴.신입 / 사원,,07.24,https://www.peoplenjob.com/jobs/6245119
6245069,신입,2026-07-21 07:23:42,2026-07-21,(주)키스템프그룹,[광화문/종각/일7.5시간] 외국계 Finance Admin 채용(육휴대체),,서울 / 경기 / 인천,인턴.신입 / 사원,,07.23,https://www.peoplenjob.com/jobs/6245069
6245034,신입,2026-07-21 07:23:42,2026-07-21,하이네켄코리아,HR Operations Executive,,서울,인턴.신입,,07.29,https://www.peoplenjob.com/jobs/6245034
6245030,신입,2026-07-21 07:23:42,2026-07-21,(주)키스템프그룹,[광화문/일7.5시간근무] 외국계기업 Finance admin 채용,,서울 / 경기 / 인천,인턴.신입 / 사원,,07.23,https://www.peoplenjob.com/jobs/6245030
6245016,신입,2026-07-21 07:23:42,2026-07-21,(주)키스템프그룹,[광화문역/신입가능/일 7.5시간 근무] 외국계기업 Finance팀 채용,,서울 / 경기 / 인천,인턴.신입 / 사원,,07.26,https://www.peoplenjob.com/jobs/6245016
6244978,신입,2026-07-21 07:23:42,2026-07-21,퍼솔코리아,[광화문역/외국계은행] GMS팀 사무 (신입가능/영어가능자),,서울 / 경기 / 인천 송도 국제 도시,인턴.신입 / 사원,,08.20,https://www.peoplenjob.com/jobs/6244978
6244977,신입,2026-07-21 07:23:42,2026-07-21,퍼솔코리아,[광화문역/외국계은행] GCBS팀 사무 (신입가능/영어가능자),,서울 / 경기 / 인천,인턴.신입 / 사원,,채용시,https://www.peoplenjob.com/jobs/6244977
6244861,신입,2026-07-21 07:23:42,2026-07-21,(주)키스템프그룹,[여의도] 외국계기업 이커머스admin 채용,,서울 / 경기 / 인천,인턴.신입 / 사원,,07.23,https://www.peoplenjob.com/jobs/6244861
6244845,신입,2026-07-21 07:23:42,2026-07-21,잡스테이션코리아,고분자 연구원(신입가능) - 중견 정밀화학소재기업,,충북 청주,인턴.신입 / 사원 / 대리.과장,,채용시,https://www.peoplenjob.com/jobs/6244845
6244796,신입,2026-07-21 07:23:42,2026-07-21,퍼솔코리아,"[중구/외국계은행] GSS팀 금융사무 (신입가능/영어,일본어 필수)",,서울 / 경기 / 인천,인턴.신입 / 사원,,채용시,https://www.peoplenjob.com/jobs/6244796
6244784,신입,2026-07-21 07:23:42,2026-07-21,(주)키스템프그룹,[울산/신입가능/주차지원] 유명 코스피상장기업 HR 사무 채용,,울산,인턴.신입 / 사원,,07.24,https://www.peoplenjob.com/jobs/6244784
6244680,신입,2026-07-21 07:23:42,2026-07-21,베스트네트워크(주),HR컨설턴트 / 헤드헌터 정규직 신입/경력 채용 [베스트네트워크(주)],,서울 / 서울 강남,인턴.신입 / 사원,,08.20,https://www.peoplenjob.com/jobs/6244680
6244630,신입,2026-07-21 07:23:42,2026-07-21,퍼솔코리아,[독일계 산업용 접착제 1위 기업] CHAiNGERS Management Trainee – Process Improvement & Digitalization Engineer,,인천 송도 국제 도시,인턴.신입 / 사원,,채용시,https://www.peoplenjob.com/jobs/6244630
6244622,신입,2026-07-21 07:23:42,2026-07-21,퍼솔코리아,[광화문역/외국계유명기업] IT팀 Admin (경력무관/영어가능자),,서울 / 경기 / 인천,인턴.신입 / 사원,,08.20,https://www.peoplenjob.com/jobs/6244622
6245029,신입,2026-07-21 07:23:42,2026-07-21,(주)맨파워그룹코리아,[인천공항] 특송회사 수입부 물류현장직 (1Y),,인천 / 인천동구,인턴.신입,,08.20,https://www.peoplenjob.com/jobs/6245029
6244997,신입,2026-07-21 07:23:42,2026-07-21,(주)키스템프그룹,[자체직/6개월/영어]외국계럭셔리브랜드 영업지원 채용(신입O),,서울,인턴.신입 / 사원,,08.20,https://www.peoplenjob.com/jobs/6244997
6244779,신입,2026-07-21 07:23:42,2026-07-21,ASM Korea Ltd.,[ASM/신입]Admin specialist 모집(ASAP),,경기 이천,인턴.신입,,07.26,https://www.peoplenjob.com/jobs/6244779
6244482,신입,2026-07-21 07:23:42,2026-07-20,피플렙,외국계케미칼 기계배관 엔지니어(신입 ~ 15년),,울산,인턴.신입 / 사원 / 대리.과장,,채용시,https://www.peoplenjob.com/jobs/6244482
6244447,신입,2026-07-21 07:23:42,2026-07-20,맨파워써치앤컨설팅,[외국계 의료기기] Procurement Specialsit,,경기 판교,인턴.신입 / 사원,,08.19,https://www.peoplenjob.com/jobs/6244447
6244439,신입,2026-07-21 07:23:42,2026-07-20,맨파워써치앤컨설팅,[외국계 의료기기] Quality Associate (신입가능),,경기 성남,인턴.신입 / 사원,,08.19,https://www.peoplenjob.com/jobs/6244439
6244389,신입,2026-07-21 07:23:42,2026-07-20,(주)키스템프그룹,[대치역/대기업] 롯데하이마트 본사 이미용뷰티 AMD 채용,,서울 / 경기,인턴.신입 / 사원,,07.23,https://www.peoplenjob.com/jobs/6244389
6244380,신입,2026-07-21 07:23:42,2026-07-20,퍼솔코리아,[독일계 산업용 접착제 1위 기업] CHAiNGERS Management Trainee – Process Improvement & Digitalization Engineer,,인천 송도 국제 도시,인턴.신입 / 사원,,07.24,https://www.peoplenjob.com/jobs/6244380
6244305,신입,2026-07-21 07:23:42,2026-07-20,SYNERGY PARTNERS,[영어 능통자 / 신입~저연차] 국내외 SCM 영업팀,,경북(구미산업단지),인턴.신입 / 사원,,채용시,https://www.peoplenjob.com/jobs/6244305
6244198,신입,2026-07-21 07:23:42,2026-07-20,(주)헤드헌트,[ 바이오] AI 단백질 설계_ 박사급 _ 팀장 또는 팀원,,서울,인턴.신입 / 사원 / 대리.과장,,채용시,https://www.peoplenjob.com/jobs/6244198
6244124,신입,2026-07-21 07:23:42,2026-07-20,잡스테이션코리아,고분자 연구원(신입 가능) - 중견 정밀화학소재기업,,충북 청주,인턴.신입 / 사원 / 대리.과장,,채용시,https://www.peoplenjob.com/jobs/6244124
6244007,신입,2026-07-21 07:23:42,2026-07-20,(주)키스템프그룹,[용인/외국계/3개월] 외국계 기업 구매팀 사무보조,,서울 / 경기 / 인천,인턴.신입 / 사원,,07.22,https://www.peoplenjob.com/jobs/6244007
6244248,신입,2026-07-21 07:23:42,2026-07-20,Coach Korea,[Coach Korea] 2026 신입/경력 공개 채용 (~7/26),,서울 / 서울 종로구,인턴.신입 / 사원 / 대리.과장,,07.26,https://www.peoplenjob.com/jobs/6244248
6244120,신입,2026-07-21 07:23:42,2026-07-20,부루벨코리아(주),HR Generalist (5M Contract),,서울 강남,인턴.신입 / 사원,,채용시,https://www.peoplenjob.com/jobs/6244120
6244869,글로벌,2026-07-21 07:23:42,2026-07-21,REED Korea,Junior Accountant (경력 1~4년),,서울 송파구,인턴.신입 / 사원,,채용시,https://www.peoplenjob.com/jobs/6244869
6244819,글로벌,2026-07-21 07:23:42,2026-07-21,HUMANEST,[BVLGARI] 명품 주얼리&시계 불가리코리아 본사 Merchandising팀 VM Coordinator 채용,,서울 / 서울 강남 / 서울 서초구,인턴.신입 / 사원 / 대리.과장,,채용시,https://www.peoplenjob.com/jobs/6244819
6244765,글로벌,2026-07-21 07:23:42,2026-07-21,(주)맨파워그룹코리아,[삼성] 글로벌 반도체 장비재료협회 ‘S’사 Exhibitor Operations (6M),,서울 / 서울 강남,인턴.신입 / 사원,,08.20,https://www.peoplenjob.com/jobs/6244765
6244759,글로벌,2026-07-21 07:23:42,2026-07-21,(주)맨파워그룹코리아,[송도] 미국 명문 주립대학교 EA (행정 코디네이터) (1Y),,인천 / 인천 송도 국제 도시,인턴.신입 / 사원,,채용시,https://www.peoplenjob.com/jobs/6244759
6244758,글로벌,2026-07-21 07:23:42,2026-07-21,(주)맨파워그룹코리아,[광화문/재택병행] 글로벌 엔지니어링 기업 ‘I사’ Order Management Support (1Y/연장가능),,서울 / 서울 영등포구,인턴.신입,,08.20,https://www.peoplenjob.com/jobs/6244758
6244699,글로벌,2026-07-21 07:23:42,2026-07-21,(주)맨파워그룹코리아,[삼성] 글로벌 바이오제약기업 Commercial Team Admin (1Y/연장可),,서울 / 서울 강남,인턴.신입 / 사원,,08.20,https://www.peoplenjob.com/jobs/6244699
6244697,글로벌,2026-07-21 07:23:42,2026-07-21,(주)맨파워그룹코리아,[시청역/1Y] 글로벌 생명보험사 대면영업지원팀,,서울 / 서울 중구 / 시청역,인턴.신입 / 사원,,08.20,https://www.peoplenjob.com/jobs/6244697
6244649,글로벌,2026-07-21 07:23:42,2026-07-21,NEOWIZ,U [네오위즈] Financial Accountant (연결회계),,경기 분당,인턴.신입 / 사원,,채용시,https://www.peoplenjob.com/jobs/6244649
6244626,글로벌,2026-07-21 07:23:42,2026-07-21,베스트네트워크(주),47. After Sales Specialist [글로벌 럭셔리 기업],,서울,인턴.신입 / 사원,,채용시,https://www.peoplenjob.com/jobs/6244626
6244619,글로벌,2026-07-21 07:23:42,2026-07-21,퍼솔코리아,[역삼/글로벌기업] Project Coordinator (RCMS 경력),,서울 / 서울 강남 / 경기,인턴.신입 / 사원,,08.20,https://www.peoplenjob.com/jobs/6244619
6244372,글로벌,2026-07-21 07:23:42,2026-07-20,(주)맨파워그룹코리아,[서울역/5M] 글로벌 의료기기기업 Logistics 팀 채용,,서울 용산구,인턴.신입 / 사원 / 대리.과장,,08.19,https://www.peoplenjob.com/jobs/6244372
6244365,글로벌,2026-07-21 07:23:42,2026-07-20,(주)맨파워그룹코리아,U [광화문/1Y] 일본 3대 메가 글로벌 은행 Accounting Team,,광화문,인턴.신입,,08.19,https://www.peoplenjob.com/jobs/6244365
6244351,글로벌,2026-07-21 07:23:42,2026-07-20,(주)맨파워그룹코리아,U [광화문/1Y] 일본 3대 메가 글로벌 은행 Global Settlement,,광화문,인턴.신입,,08.19,https://www.peoplenjob.com/jobs/6244351
6244340,글로벌,2026-07-21 07:23:42,2026-07-20,(주)맨파워그룹코리아,U [광화문/1Y] 일본 3대 메가 글로벌 은행 Global & Corporate Banking,,광화문,인턴.신입 / 사원,,08.19,https://www.peoplenjob.com/jobs/6244340
6244329,글로벌,2026-07-21 07:23:42,2026-07-20,(주)맨파워그룹코리아,U [광화문/1Y] 일본 3대 메가 글로벌 은행 Global Market Operation Services,,광화문,인턴.신입,,08.19,https://www.peoplenjob.com/jobs/6244329
6244261,글로벌,2026-07-21 07:23:42,2026-07-20,MEMEBOX(미미박스),글로벌 이커머스 운영 인턴 (채용연계형),,서울 / 서울 강남,인턴.신입,,채용시,https://www.peoplenjob.com/jobs/6244261
6244218,글로벌,2026-07-21 07:23:42,2026-07-20,(주)맨파워그룹코리아,[삼성] 글로벌 바이오제약기업 Commercial Team Admin (1Y/연장可),,서울 / 서울 강남,인턴.신입 / 사원,,07.24,https://www.peoplenjob.com/jobs/6244218
6244206,글로벌,2026-07-21 07:23:42,2026-07-20,퍼솔코리아,[글로벌 해운사]Customer Cargo Coordination Specialist(중국국적),,서울,인턴.신입,,채용시,https://www.peoplenjob.com/jobs/6244206
6244169,글로벌,2026-07-21 07:23:42,2026-07-20,REED Korea,Junior Accountant (경력 1~4년),,서울 송파구,인턴.신입 / 사원,,07.24,https://www.peoplenjob.com/jobs/6244169
6244040,글로벌,2026-07-21 07:23:42,2026-07-20,GE Healthcare,OTR Order Management Specialist (사원대리급),,서울시 중구,인턴.신입 / 사원 / 대리.과장,,채용시,https://www.peoplenjob.com/jobs/6244040
6244000,글로벌,2026-07-21 07:23:42,2026-07-20,파인드뉴로드컨설팅,글로벌 Watch & Jewerly / CS Specialist,,서울,인턴.신입 / 사원 / 대리.과장,,채용시,https://www.peoplenjob.com/jobs/6244000
6244461,글로벌,2026-07-21 07:23:42,2026-07-20,(주)맨파워그룹코리아,[우버 Korea] Uber 영업지원 채용(6M/연장가능),,서울 / 을지로3가역,인턴.신입 / 사원,,08.19,https://www.peoplenjob.com/jobs/6244461
6244220,글로벌,2026-07-21 07:23:42,2026-07-20,"Ecube Labs Co., Ltd.",이큐브랩(Haulla) Global Operations Intern (경력무관),,서울 구로구,인턴.신입,,08.02,https://www.peoplenjob.com/jobs/6244220
6244210,글로벌,2026-07-21 07:23:42,2026-07-20,(주)맨파워그룹코리아,[시청역/1Y] 글로벌 생명보험사 대면영업지원팀,,서울 / 서울 중구 / 시청역,인턴.신입 / 사원,,07.24,https://www.peoplenjob.com/jobs/6244210
6244968,marketing,2026-07-21 07:23:42,2026-07-21,NOVA,HR Generalist (5 months - Fixed Term Contractor),,경기 화성,인턴.신입 / 사원,,08.20,https://www.peoplenjob.com/jobs/6244968
6244778,marketing,2026-07-21 07:23:42,2026-07-21,잡앤피플코리아,[명동/3천 후반~4천 초중반]BMW코리아(주) Sales Operations Specialist(Aftersales),,서울 / 경기 / 중구,인턴.신입 / 사원,,08.20,https://www.peoplenjob.com/jobs/6244778
6244727,marketing,2026-07-21 07:23:42,2026-07-21,주식회사 데카트론코리아,[데카트론 코리아] Brand Marketing Specialist - Sports Category Vertical,,서울 서초구,인턴.신입 / 사원,,08.20,https://www.peoplenjob.com/jobs/6244727
6244716,marketing,2026-07-21 07:23:42,2026-07-21,(주)룩소티카코리아,Training Intern (Leonardo Intern),,서울 / 서울 강남,인턴.신입 / 사원,,08.20,https://www.peoplenjob.com/jobs/6244716
6244683,marketing,2026-07-21 07:23:42,2026-07-21,베스트네트워크(주),46. Marketing & PR Specialist [외국계 럭셔리 패션],,서울 강남,인턴.신입 / 사원,,채용시,https://www.peoplenjob.com/jobs/6244683
6245060,marketing,2026-07-21 07:23:42,2026-07-21,CASETiFY,[CASETiFY] Retail Intern,,서울,인턴.신입,,08.20,https://www.peoplenjob.com/jobs/6245060
6244595,marketing,2026-07-21 07:23:42,2026-07-21,에르베메디칼코리아,Sales Representative (의료기기영업_사원급),,서울 강남,인턴.신입 / 사원,,채용시,https://www.peoplenjob.com/jobs/6244595
6244316,marketing,2026-07-21 07:23:42,2026-07-20,(주)코어피플,"(Sales 사원, 외국계오일기업)",,서울,인턴.신입 / 사원,,08.19,https://www.peoplenjob.com/jobs/6244316
6244315,marketing,2026-07-21 07:23:42,2026-07-20,(주)코어피플,"(Sales 사원, 외국계오일기업)",,서울,인턴.신입 / 사원,,08.19,https://www.peoplenjob.com/jobs/6244315
6244308,marketing,2026-07-21 07:23:42,2026-07-20,주식회사 데카트론코리아,[데카트론 코리아] Brand Marketing Specialist - Sports Category Vertical,,서울 서초구,인턴.신입 / 사원,,07.24,https://www.peoplenjob.com/jobs/6244308
6244179,marketing,2026-07-21 07:23:42,2026-07-20,Boston Scientific Korea,"[보스톤사이언티픽코리아] Sales Intern, CRM (Seoul)",,서울,인턴.신입,,채용시,https://www.peoplenjob.com/jobs/6244179
6244178,marketing,2026-07-21 07:23:42,2026-07-20,Boston Scientific Korea,"[보스톤사이언티픽코리아] Sales Intern, EP (Seoul)",,서울 강남,인턴.신입,,채용시,https://www.peoplenjob.com/jobs/6244178
6244176,marketing,2026-07-21 07:23:42,2026-07-20,Boston Scientific Korea,"[보스톤사이언티픽코리아] Sales Intern, EP",,대구 / 부산,인턴.신입,,채용시,https://www.peoplenjob.com/jobs/6244176
6244996,MD,2026-07-21 07:23:42,2026-07-21,퍼솔코리아,U [외국계] E-commerce Admin,,서울 / 서울 강남,인턴.신입,,08.20,https://www.peoplenjob.com/jobs/6244996
6244919,MD,2026-07-21 07:23:42,2026-07-21,(주)한국로슈,Study Start Up Lead (SSUL),,서울,인턴.신입,,채용시,https://www.peoplenjob.com/jobs/6244919
6244402,MD,2026-07-21 07:23:42,2026-07-20,퍼솔코리아,[외국계] E-commerce Admin,,서울 / 서울 강남,인턴.신입,,07.24,https://www.peoplenjob.com/jobs/6244402
6244821,브랜드,2026-07-21 07:23:42,2026-07-21,HUMANEST,[Christian Dior] 명품 크리스챤디올꾸뛰르코리아 본사 CS사원 채용,,서울 / 서울 중구 / 경기,인턴.신입 / 사원,,채용시,https://www.peoplenjob.com/jobs/6244821
6244729,브랜드,2026-07-21 07:23:42,2026-07-21,주식회사 데카트론코리아,[데카트론코리아] 스포츠리더 채용 - 매장 운영/관리,,서울 / 경기도 / 지역 내 1개 스토어 선택,인턴.신입,,08.20,https://www.peoplenjob.com/jobs/6244729
6244451,브랜드,2026-07-21 07:23:42,2026-07-20,인핸스파트너스,[고성장 스케일업] 채용 전문가(Recruiter/HR) 채용,,서울,인턴.신입 / 사원 / 대리.과장,,채용시,https://www.peoplenjob.com/jobs/6244451
6244336,브랜드,2026-07-21 07:23:42,2026-07-20,맨파워써치앤컨설팅,[외국계 리테일] Sales Associate,,서울 강남 / 서울 서초구,인턴.신입 / 사원,,08.19,https://www.peoplenjob.com/jobs/6244336
6244310,브랜드,2026-07-21 07:23:42,2026-07-20,주식회사 데카트론코리아,[데카트론코리아] 스포츠리더 채용 - 매장 운영/관리,,서울 / 경기도 / 지역 내 1개 스토어 선택,인턴.신입,,07.24,https://www.peoplenjob.com/jobs/6244310
6244448,브랜드,2026-07-21 07:23:42,2026-07-20,HRagent,외국계 스포츠 브랜드 / SIS(쇼핑몰) 영업 (사원-대리),,서울 중구,인턴.신입 / 사원 / 대리.과장,,07.23,https://www.peoplenjob.com/jobs/6244448
6245194,마케팅,2026-07-21 12:41:10,2026-07-21,잡앤피플코리아,[종로/신입 가능] 유명 스포츠 브랜드 Marketing 팀 Support,,서울 / 서울 중구,인턴.신입 / 사원,,08.20,https://www.peoplenjob.com/jobs/6245194
6245169,마케팅,2026-07-21 12:41:10,2026-07-21,(주)키스템프그룹,[역삼/외국계] 이베이재팬 웹디자인 경력 다수채용,,서울 / 경기 / 인천,인턴.신입 / 사원,,07.29,https://www.peoplenjob.com/jobs/6245169
6245240,신입,2026-07-21 12:41:10,2026-07-21,맨파워써치앤컨설팅,[외국계 의료기기] Procurement Specialsit,,경기 판교,인턴.신입 / 사원,,08.20,https://www.peoplenjob.com/jobs/6245240
6245232,신입,2026-07-21 12:41:10,2026-07-21,맨파워써치앤컨설팅,[외국계 의료기기] Quality Associate (신입가능),,경기 성남,인턴.신입 / 사원,,08.20,https://www.peoplenjob.com/jobs/6245232
6245140,신입,2026-07-21 12:41:10,2026-07-21,아데코코리아,[광화문/외국계코스메틱사] Sales Admin (데이터 역량 우대/신입 가능),,서울 / 서울 중구,인턴.신입,,08.20,https://www.peoplenjob.com/jobs/6245140
6245203,글로벌,2026-07-21 12:41:10,2026-07-21,(주)맨파워그룹코리아,[여의도] 글로벌 소비재 기업 Brand Operation Admin 채용 (1Y),,서울 / 서울 여의도 / 서울 영등포구,인턴.신입,,08.20,https://www.peoplenjob.com/jobs/6245203
6245202,브랜드,2026-07-21 12:41:10,2026-07-21,allhumanlab,U 리테일 운영·프로모션 담당자(사원급),,서울,인턴.신입 / 사원,,08.20,https://www.peoplenjob.com/jobs/6245202
6245346,마케팅,2026-07-22 00:09:59,2026-07-22,(주)스카우트파트너스,글로벌 K뷰티 -  Russia 세일즈 매니저 (MD),,서울,인턴.신입 / 사원 / 대리.과장,,채용시,https://www.peoplenjob.com/jobs/6245346
6244281,마케팅,2026-07-22 00:09:59,2026-07-20,(주)맨파워그룹코리아,"U [역삼역] 글로벌 엔터테인먼트 기업 Coordinator, Distribution Operations",,서울 / 서울 강남 / 역삼역,인턴.신입 / 사원,,08.19,https://www.peoplenjob.com/jobs/6244281
6245459,신입,2026-07-22 00:09:59,2026-07-22,베스트네트워크(주),HR컨설턴트 / 헤드헌터 정규직 신입/경력 채용 [베스트네트워크(주)],,서울 / 서울 강남,인턴.신입 / 사원,,08.21,https://www.peoplenjob.com/jobs/6245459
6245403,신입,2026-07-22 00:09:59,2026-07-22,퍼솔코리아,[독일계 산업용 접착제 1위 기업] CHAiNGERS Management Trainee – Process Improvement & Digitalization Engineer,,인천 송도 국제 도시,인턴.신입 / 사원,,채용시,https://www.peoplenjob.com/jobs/6245403
6245401,신입,2026-07-22 00:09:59,2026-07-22,퍼솔코리아,"[중구/외국계은행] GSS팀 금융사무 (신입가능/영어,일본어 필수)",,서울 / 경기 / 인천,인턴.신입 / 사원,,채용시,https://www.peoplenjob.com/jobs/6245401
6245396,신입,2026-07-22 00:09:59,2026-07-22,퍼솔코리아,[광화문역/외국계은행] GMS팀 사무 (신입가능/영어가능자),,서울 / 경기 / 인천 송도 국제 도시,인턴.신입 / 사원,,08.21,https://www.peoplenjob.com/jobs/6245396
6245395,신입,2026-07-22 00:09:59,2026-07-22,퍼솔코리아,[광화문역/외국계은행] GCBS팀 사무 (신입가능/영어가능자),,서울 / 경기 / 인천,인턴.신입 / 사원,,채용시,https://www.peoplenjob.com/jobs/6245395
6245394,신입,2026-07-22 00:09:59,2026-07-22,퍼솔코리아,[광화문역/외국계유명기업] IT팀 Admin (경력무관/영어가능자),,서울 / 경기 / 인천,인턴.신입 / 사원,,08.21,https://www.peoplenjob.com/jobs/6245394
6245314,신입,2026-07-22 00:09:59,2026-07-21,피플렙,"외국계 케미칼 플랜트 EHS 엔지니어(신입-5년, 영어 필수)",,울산,인턴.신입 / 사원,,채용시,https://www.peoplenjob.com/jobs/6245314
6245456,글로벌,2026-07-22 00:09:59,2026-07-22,베스트네트워크(주),47. After Sales Specialist [글로벌 럭셔리 기업],,서울,인턴.신입 / 사원,,채용시,https://www.peoplenjob.com/jobs/6245456
6245417,글로벌,2026-07-22 00:09:59,2026-07-22,(주)맨파워그룹코리아,U [시청역] 글로벌 생명보험사 인사본부,,시청역,인턴.신입,,08.21,https://www.peoplenjob.com/jobs/6245417
6245391,글로벌,2026-07-22 00:09:59,2026-07-22,퍼솔코리아,[역삼/글로벌기업] Project Coordinator (RCMS 경력),,서울 / 서울 강남 / 경기,인턴.신입 / 사원,,08.21,https://www.peoplenjob.com/jobs/6245391
6245422,marketing,2026-07-22 00:09:59,2026-07-22,잡앤피플코리아,[명동/3천 후반~4천 초중반]BMW코리아(주) Sales Operations Specialist(Aftersales),,서울 / 경기 / 중구,인턴.신입 / 사원,,08.21,https://www.peoplenjob.com/jobs/6245422
6245376,marketing,2026-07-22 00:09:59,2026-07-22,에르베메디칼코리아,Sales Representative (의료기기영업_사원급),,서울 강남,인턴.신입 / 사원,,채용시,https://www.peoplenjob.com/jobs/6245376
6246074,마케팅,2026-07-23 00:18:16,2026-07-23,JN커리어,[마케팅에이전시]Global Brand Manager,,서울,인턴.신입 / 사원,,08.22,https://www.peoplenjob.com/jobs/6246074
6245863,마케팅,2026-07-23 00:18:16,2026-07-22,퍼솔코리아,U [유럽계 리테일사] 마케팅 어시스턴트,,서울 / 서울 강남,인턴.신입 / 사원,,08.21,https://www.peoplenjob.com/jobs/6245863
6245842,마케팅,2026-07-23 00:18:16,2026-07-22,㈜피스오브크리에이티브,[베트남 근무/피크타임] 본사 오피스 운영 매니저 (마케팅 및 정산 서포트),,베트남,인턴.신입 / 사원,,08.21,https://www.peoplenjob.com/jobs/6245842
6245745,마케팅,2026-07-23 00:18:16,2026-07-22,(주)갤리언컨설팅그룹,[코스메틱/화장품/에스테틱] 북미/남미 해외영업(B2B),,서울 강남,인턴.신입 / 사원,,채용시,https://www.peoplenjob.com/jobs/6245745
6245664,마케팅,2026-07-23 00:18:16,2026-07-22,퍼솔코리아,[삼성/헬스케어] Marketing Associate (마케팅),,서울 강남,인턴.신입 / 사원,,채용시,https://www.peoplenjob.com/jobs/6245664
6245605,마케팅,2026-07-23 00:18:16,2026-07-22,(주)키스템프그룹,[강남역/근무환경최상] 유명 외국계뷰티 기업 Online Assist 채용,,서울 / 경기 / 인천,인턴.신입 / 사원,,07.23,https://www.peoplenjob.com/jobs/6245605
6245524,마케팅,2026-07-23 00:18:16,2026-07-22,(주)맨파워그룹코리아,[중구/글로벌 헬스케어 기업] Compliance Operations Specialist (3M),,서울 중구,인턴.신입 / 사원,,08.21,https://www.peoplenjob.com/jobs/6245524
6245896,마케팅,2026-07-23 00:18:16,2026-07-22,Torrecid Group,[외국계 스페인] 기술영업 정규직 신입 채용,,경기도 / 경기도 오산 / 수도권,인턴.신입,,08.21,https://www.peoplenjob.com/jobs/6245896
6245788,마케팅,2026-07-23 00:18:16,2026-07-22,(주)키스템프그룹,[역삼역/대기업/큐텐] 이베이재팬 마케팅 사무직 채용,,서울 / 경기 / 인천,인턴.신입 / 사원,,07.24,https://www.peoplenjob.com/jobs/6245788
6245551,마케팅,2026-07-23 00:18:16,2026-07-22,GLENDALE INC,[GLENDALE] 디지털 마케팅 컨설턴트 (Digital Data Analysis & Marketing Consultant),,서울,인턴.신입 / 사원 / 팀장.부장,,07.31,https://www.peoplenjob.com/jobs/6245551
6244698,마케팅,2026-07-23 00:18:16,2026-07-21,(주)맨파워그룹코리아,[신용산/일본어/재택可] 글로벌 헬스케어 기업 준법감시 지원 (1Y),,서울 / 서울 용산구,인턴.신입 / 사원,,08.20,https://www.peoplenjob.com/jobs/6244698
6245906,해외영업,2026-07-23 00:18:16,2026-07-22,현진제업,글로벌 커리어를 쌓을 해외영업 주니어 정규직 채용,,안산시,인턴.신입 / 사원,,채용시,https://www.peoplenjob.com/jobs/6245906
6245959,해외영업,2026-07-23 00:18:16,2026-07-22,(주)O.N,PM(Project Manager),,경기 평택 / 충남 천안 / 충남 아산,인턴.신입 / 사원 / 대리.과장,,채용시,https://www.peoplenjob.com/jobs/6245959
6246144,신입,2026-07-23 00:18:16,2026-07-23,맨토스파워,[유명패션기업]패션 의류 자재팀 팀원 채용,,서울,인턴.신입 / 사원 / 대리.과장,,08.11,https://www.peoplenjob.com/jobs/6246144
6246136,신입,2026-07-23 00:18:16,2026-07-23,맨토스파워,[국내 중견 제약사] 품질제조약사 (경력무관),,경기,인턴.신입 / 사원 / 대리.과장,,08.11,https://www.peoplenjob.com/jobs/6246136
6246128,신입,2026-07-23 00:18:16,2026-07-23,맨토스파워,[국내 중견 제약사] 국내 RA(허가/약가) /(경력무관),,서울,인턴.신입 / 사원 / 대리.과장,,08.11,https://www.peoplenjob.com/jobs/6246128
6246127,신입,2026-07-23 00:18:16,2026-07-23,맨토스파워,[국내 중견 제약사] 중앙연구소 분석연구약사/ (경력무관),,경기,인턴.신입 / 사원 / 대리.과장,,08.11,https://www.peoplenjob.com/jobs/6246127
6246108,신입,2026-07-23 00:18:16,2026-07-23,퍼솔코리아,"[중구/외국계은행] GSS팀 금융사무 (신입가능/영어,일본어 필수)",,서울 / 경기 / 인천,인턴.신입 / 사원,,채용시,https://www.peoplenjob.com/jobs/6246108
6246103,신입,2026-07-23 00:18:16,2026-07-23,퍼솔코리아,[광화문역/외국계은행] GMS팀 사무 (신입가능/영어가능자),,서울 / 경기 / 인천 송도 국제 도시,인턴.신입 / 사원,,08.22,https://www.peoplenjob.com/jobs/6246103
6246102,신입,2026-07-23 00:18:16,2026-07-23,퍼솔코리아,[광화문역/외국계은행] GCBS팀 사무 (신입가능/영어가능자),,서울 / 경기 / 인천,인턴.신입 / 사원,,채용시,https://www.peoplenjob.com/jobs/6246102
6246101,신입,2026-07-23 00:18:16,2026-07-23,퍼솔코리아,[광화문역/외국계유명기업] IT팀 Admin (경력무관/영어가능자),,서울 / 경기 / 인천,인턴.신입 / 사원,,08.22,https://www.peoplenjob.com/jobs/6246101
6245977,신입,2026-07-23 00:18:16,2026-07-22,맨파워써치앤컨설팅,[외국계 의료기기] Quality Associate (신입가능),,경기 성남,인턴.신입 / 사원,,08.21,https://www.peoplenjob.com/jobs/6245977
6245976,신입,2026-07-23 00:18:16,2026-07-22,KLA,[KLA Korea] Service Operations Specialist (신입 가능),,경기 화성 / 동탄,인턴.신입 / 사원,,채용시,https://www.peoplenjob.com/jobs/6245976
6245810,신입,2026-07-23 00:18:16,2026-07-22,알파사이츠,[글로벌기업] 주요 고객사 프로젝트 담당자 신입 및 주니어 경력 채용 (9월 입사),,서울 중구,인턴.신입,,08.21,https://www.peoplenjob.com/jobs/6245810
6245733,신입,2026-07-23 00:18:16,2026-07-22,퍼솔코리아,[경기화성/외국계유명기업] Training coordinator (신입가능/운전가능자),,경기,인턴.신입 / 사원,,채용시,https://www.peoplenjob.com/jobs/6245733
6245666,신입,2026-07-23 00:18:16,2026-07-22,Merck Ltd. Korea,"[Merck Korea] Junior Field Service Engineer (신입 가능, 가스/케미칼 공급 장치)",,경기 / 경기 안산,인턴.신입 / 사원,,채용시,https://www.peoplenjob.com/jobs/6245666
6245625,신입,2026-07-23 00:18:16,2026-07-22,(주)키스템프그룹,[을지로/워라벨최상] 유명 대기업 팀 사무 채용,,서울 / 경기 / 인천,인턴.신입 / 사원,,07.24,https://www.peoplenjob.com/jobs/6245625
6245622,신입,2026-07-23 00:18:16,2026-07-22,(주)키스템프그룹,[압구정역/정규직전환] 현대리바트 팀 사무직 상시채용,,서울 / 경기 / 인천,인턴.신입 / 사원,,08.31,https://www.peoplenjob.com/jobs/6245622
6245523,신입,2026-07-23 00:18:16,2026-07-22,맨토스파워,[국내 중견 제약사] 중앙연구소 제제연구약사/(경력무관),,경기,인턴.신입 / 사원 / 대리.과장,,08.10,https://www.peoplenjob.com/jobs/6245523
6245847,신입,2026-07-23 00:18:16,2026-07-22,존슨앤드존슨,[존슨앤드존슨 비전케어] Account Specialist(아큐브 사업부 영업직 신입 채용),,서울 용산구,인턴.신입 / 사원,,08.05,https://www.peoplenjob.com/jobs/6245847
6245839,신입,2026-07-23 00:18:16,2026-07-22,(주)에이젝코리아,U [시청역/외국금융사] 각 부문 금융사무 담당자 / 영어 가능자,,서울 / 서울 중구,인턴.신입,,채용시,https://www.peoplenjob.com/jobs/6245839
6245811,신입,2026-07-23 00:18:16,2026-07-22,알파사이츠,글로벌 로테이션(서울/런던) 주요 고객사 프로젝트 담당자 신입 채용,,서울 중구,인턴.신입,,08.21,https://www.peoplenjob.com/jobs/6245811
6245796,신입,2026-07-23 00:18:16,2026-07-22,(주)맨파워그룹코리아,[여의도/IFC] 외국계 기업 Finance Admin (1Y),,서울 여의도,인턴.신입,,채용시,https://www.peoplenjob.com/jobs/6245796
6233186,신입,2026-07-23 00:18:16,2026-07-02,EY한영,"금융감사본부 Digital Audit, AI 및 리스크 계량 분석가 (신입/경력)",,서울 여의도,인턴.신입 / 사원 / 대리.과장,,08.02,https://www.peoplenjob.com/jobs/6233186
6246138,글로벌,2026-07-23 00:18:16,2026-07-23,파인드뉴로드컨설팅,글로벌 Watch & Jewerly / CS Specialist,,서울,인턴.신입 / 사원 / 대리.과장,,채용시,https://www.peoplenjob.com/jobs/6246138
6246098,글로벌,2026-07-23 00:18:16,2026-07-23,퍼솔코리아,[역삼/글로벌기업] Project Coordinator (RCMS 경력),,서울 / 서울 강남 / 경기,인턴.신입 / 사원,,08.22,https://www.peoplenjob.com/jobs/6246098
6245911,글로벌,2026-07-23 00:18:16,2026-07-22,퍼솔코리아,[글로벌 기업]지자체 인허가 담당 (Public Affairs / Permit Coordinator) 채용,,서울,인턴.신입,,채용시,https://www.peoplenjob.com/jobs/6245911
6245852,글로벌,2026-07-23 00:18:16,2026-07-22,퍼솔코리아,[글로벌 해운사]Customer Cargo Coordination Specialist(중국국적),,서울,인턴.신입,,채용시,https://www.peoplenjob.com/jobs/6245852
6245550,글로벌,2026-07-23 00:18:16,2026-07-22,HRagent,글로벌 스포츠 브랜드 / VMD,,서울 중구,인턴.신입 / 사원 / 대리.과장,,08.21,https://www.peoplenjob.com/jobs/6245550
6245511,글로벌,2026-07-23 00:18:16,2026-07-22,HRagent,[외국계] 글로벌 스포츠 브랜드 / 홈쇼핑 영업,,서울 중구,인턴.신입 / 사원 / 대리.과장,,08.21,https://www.peoplenjob.com/jobs/6245511
6245825,글로벌,2026-07-23 00:18:16,2026-07-22,㈜피스오브크리에이티브,[베트남 근무/피크타임] F&B 매장 운영 매니저 (셰프),,베트남,인턴.신입 / 사원,,08.21,https://www.peoplenjob.com/jobs/6245825
6245700,글로벌,2026-07-23 00:18:16,2026-07-22,(주)키스템프그룹,[서울숲/복지上] 현대글로비스 무역/정산사무 육휴대체 채용,,서울 / 경기 / 인천,인턴.신입 / 사원,,07.23,https://www.peoplenjob.com/jobs/6245700
6246166,marketing,2026-07-23 00:18:16,2026-07-23,잡앤피플코리아,[명동/3천 후반~4천 초중반]BMW코리아(주) Sales Operations Specialist(Aftersales),,서울 / 경기 / 중구,인턴.신입 / 사원,,08.22,https://www.peoplenjob.com/jobs/6246166
6246085,marketing,2026-07-23 00:18:16,2026-07-23,에르베메디칼코리아,Sales Representative (의료기기영업_사원급),,서울 강남,인턴.신입 / 사원,,채용시,https://www.peoplenjob.com/jobs/6246085
6245879,marketing,2026-07-23 00:18:16,2026-07-22,(주)코어피플,"(Sales 사원, 외국계오일기업)",,서울,인턴.신입 / 사원,,08.21,https://www.peoplenjob.com/jobs/6245879
6245878,marketing,2026-07-23 00:18:16,2026-07-22,(주)코어피플,"(Sales 사원, 외국계오일기업)",,서울,인턴.신입 / 사원,,08.21,https://www.peoplenjob.com/jobs/6245878
6245516,marketing,2026-07-23 00:18:16,2026-07-22,HRagent,[외국계] 스포츠 캐주얼 브랜드 / VMD Specialist,,서울 여의도,인턴.신입 / 사원 / 대리.과장,,08.21,https://www.peoplenjob.com/jobs/6245516
6245473,marketing,2026-07-23 00:18:16,2026-07-22,베스트네트워크(주),46. Marketing & PR Specialist [외국계 럭셔리 패션],,서울 강남,인턴.신입 / 사원,,채용시,https://www.peoplenjob.com/jobs/6245473
6245803,marketing,2026-07-23 00:18:16,2026-07-22,Shop Cider,U [CIDER] Fashion Marketing Intern,,서울 강남,인턴.신입,,채용시,https://www.peoplenjob.com/jobs/6245803
6246087,MD,2026-07-23 00:18:16,2026-07-23,(주)HR컨설팅그룹,(바이오 벤처기업) 의료기기 RA (사원 - 대리급),,서울 강남,인턴.신입 / 사원,,08.22,https://www.peoplenjob.com/jobs/6246087
6245864,MD,2026-07-23 00:18:16,2026-07-22,퍼솔코리아,U [외국계] E-commerce Admin,,서울 / 서울 강남,인턴.신입,,08.21,https://www.peoplenjob.com/jobs/6245864
6245840,브랜드,2026-07-23 00:18:16,2026-07-22,㈜피스오브크리에이티브,[베트남 근무/피크타임] 베이커리 & 카페 매장 매니저,,베트남,인턴.신입 / 사원,,08.21,https://www.peoplenjob.com/jobs/6245840
6245513,브랜드,2026-07-23 00:18:16,2026-07-22,HRagent,[외국계] 유명 스포츠 브랜드 / 홀세일 영업,,서울 중구,인턴.신입 / 사원 / 대리.과장,,08.21,https://www.peoplenjob.com/jobs/6245513
6245471,브랜드,2026-07-23 00:18:16,2026-07-22,맨파워써치앤컨설팅,[외국계 리테일] Sales Associate,,서울 강남 / 서울 서초구,인턴.신입 / 사원,,08.21,https://www.peoplenjob.com/jobs/6245471
6245797,브랜드,2026-07-23 00:18:16,2026-07-22,샌드박스네트워크(Sandbox Network Inc.),유튜브 애니메이션 콘텐츠 프로듀서,,서울 용산구,인턴.신입 / 사원 / 대리.과장,,08.05,https://www.peoplenjob.com/jobs/6245797
6241143,브랜드,2026-07-23 00:18:16,2026-07-15,샌드박스네트워크(Sandbox Network Inc.),[파삭] CS·물류 운영 담당자 (계약),,서울 용산구,인턴.신입 / 사원,,08.13,https://www.peoplenjob.com/jobs/6241143
